Time, "kWh", "kvarh", "Max kW", "Max kVA", "Zone kWh", "Zone kvarh", "Zone Max kW", "Zone Max kVA", "Overload kWh Normal", "Overload kWh Emerg", "Load EEN", "Load UE", "Zone Losses kWh", "Zone Losses kvarh", "Zone Max kW Losses", "Zone Max kvar Losses", "Load Losses kWh", "Load Losses kvarh", "No Load Losses kWh", "No Load Losses kvarh", "Max kW Load Losses", "Max kW No Load Losses", "Line Losses", "Transformer Losses", "Line Mode Line Losses", "Zero Mode Line Losses", "3-phase Line Losses", "1- and 2-phase Line Losses", "Gen kWh", "Gen kvarh", "Gen Max kW", "Gen Max kVA", "0.416 kV Losses", "Aux1", "Aux6", "Aux11", "Aux16", "Aux21", "Aux26", "0.416 kV Line Loss", "Aux2", "Aux7", "Aux12", "Aux17", "Aux22", "Aux27", "0.416 kV Load Loss", "Aux3", "Aux8", "Aux13", "Aux18", "Aux23", "Aux28", "0.416 kV No Load Loss", "Aux4", "Aux9", "Aux14", "Aux19", "Aux24", "Aux29", "0.416 kV Load Energy", "Aux5", "Aux10", "Aux15", "Aux20", "Aux25", "Aux30"
0.166666666666667, 7.26612569038021, 2.38256754154767, 7.26612569038021, 7.64677780558473, 7.19699447241432, 2.36552156932967, 7.19699447241432, 7.5757786220907, 0, 0, 0, 0, 0.0297023182306768, 0.00410529663339472, 0.0297023182306768, 0.00410529663339472, 0.0297023182306768, 0.00410529663339472, 0, 0, 0.0297023182306768, 0, 0.0297023182306768, 0, 0.0188401534406936, 0.0108621647944039, 0.0297023182306768, 0, 0, 0, 0, 0, 0.0297023182306768, 0, 0, 0, 0, 0, 0, 0.0297023182306768, 0, 0, 0, 0, 0, 0, 0, 0, 0, 0, 0, 0, 0, 0, 0, 0, 0, 0, 0, 0, 7.19699447241432, 0, 0, 0, 0, 0, 0
0.333333333333333, 5.27573007267989, 1.73273815837774, 7.266194762644, 7.64685035831823, 5.2286725902501, 1.71857839375726, 7.19706284185321, 7.5758505951494, 0, 0, 0, 0, 0.00778664403690692, 0.00126064601229862, 0.0297023184371148, 0.00410529664896604, 0.00778664403690692, 0.00126064601229862, 0, 0, 0.0297023184371148, 0, 0.00778664403690692, 0, 0.00686079961623986, 0.000925844426493412, 0.00778664403690692, 0, 0, 0, 0, 0, 0.00778664403690692, 0, 0, 0, 0, 0, 0, 0.00778664403690692, 0, 0, 0, 0, 0, 0, 0, 0, 0, 0, 0, 0, 0, 0, 0, 0, 0, 0, 0, 0, 5.2286725902501, 0, 0, 0, 0, 0, 0
0.5, 6.78816193835382, 2.22905365185301, 7.266194762644, 7.64685035831823, 6.7359518532578, 2.21400117277985, 7.19706284185321, 7.5758505951494, 0, 0, 0, 0, 0.0133909577419421, 0.00207214338158102, 0.0297023184371148, 0.00410529664896604, 0.0133909577419421, 0.00207214338158102, 0, 0, 0.0297023184371148, 0, 0.0133909577419421, 0, 0.0112109076840662, 0.00218005006738634, 0.0133909577419421, 0, 0, 0, 0, 0, 0.0133909577419421, 0, 0, 0, 0, 0, 0, 0.0133909577419421, 0, 0, 0, 0, 0, 0, 0, 0, 0, 0, 0, 0, 0, 0, 0, 0, 0, 0, 0, 0, 6.7359518532578, 0, 0, 0, 0, 0, 0
0.666666666666667, 6.53928389570509, 2.14723825801883, 7.266194762644, 7.64685035831823, 6.48831656106147, 2.13263495192075, 7.19706284185321, 7.5758505951494, 0, 0, 0, 0, 0.0118102978320659, 0.00182470688622891, 0.0297023184371148, 0.00410529664896604, 0.0118102978320659, 0.00182470688622891, 0, 0, 0.0297023184371148, 0, 0.0118102978320659, 0, 0.00991480739806508, 0.00189549044121146, 0.0118102978320659, 0, 0, 0, 0, 0, 0.0118102978320659, 0, 0, 0, 0, 0, 0, 0.0118102978320659, 0, 0, 0, 0, 0, 0, 0, 0, 0, 0, 0, 0, 0, 0, 0, 0, 0, 0, 0, 0, 6.48831656106147, 0, 0, 0, 0, 0, 0
0.833333333333333, 7.34458919826106, 2.41163887286573, 7.43605940707971, 7.82565588462722, 7.12135433385061, 2.34065446172906, 7.36692101595857, 7.75464845283832, 0, 0, 0, 0, 0.0141277626242701, 0.00221403507330047, 0.0297055161484572, 0.00410553784776446, 0.0141277626242701, 0.00221403507330047, 0, 0, 0.0297055161484572, 0, 0.0141277626242701, 0, 0.0119534552004851, 0.0021743074345032, 0.0141277626242701, 0, 0, 0, 0, 0, 0.0141277626242701, 0, 0, 0, 0, 0, 0, 0.0141277626242701, 0, 0, 0, 0, 0, 0, 0, 0, 0, 0, 0, 0, 0, 0, 0, 0, 0, 0, 0, 0, 7.12135433385061, 0, 0, 0, 0, 0, 0
1, 9.30098483849926, 3.05345126518478, 9.30102459750374, 9.78941945947052, 9.07040025057608, 2.98128228067414, 9.07043505887215, 9.54782164798121, 0, 0, 0, 0, 0.0221436817010487, 0.00367739352088826, 0.0297055161484572, 0.00410553784776446, 0.0221436817010487, 0.00367739352088826, 0, 0, 0.0297055161484572, 0, 0.0221436817010487, 0, 0.0200936544617993, 0.00205002725774082, 0.0221436817010487, 0, 0, 0, 0, 0, 0.0221436817010487, 0, 0, 0, 0, 0, 0, 0.0221436817010487, 0, 0, 0, 0, 0, 0, 0, 0, 0, 0, 0, 0, 0, 0, 0, 0, 0, 0, 0, 0, 9.07040025057608, 0, 0, 0, 0, 0, 0
1.16666666666667, 7.14066711612034, 2.34458425350138, 9.42745453665672, 9.92249860989799, 6.79181319629099, 2.23239016174382, 9.19684777352676, 9.68088925045524, 0, 0, 0, 0, 0.0126607676394354, 0.00212743692352484, 0.029710733284723, 0.00410593136889997, 0.0126607676394354, 0.00212743692352484, 0, 0, 0.029710733284723, 0, 0.0126607676394354, 0, 0.0113905933397257, 0.00127017431124957, 0.0126607676394354, 0, 0, 0, 0, 0, 0.0126607676394354, 0, 0, 0, 0, 0, 0, 0.0126607676394354, 0, 0, 0, 0, 0, 0, 0, 0, 0, 0, 0, 0, 0, 0, 0, 0, 0, 0, 0, 0, 6.79181319629099, 0, 0, 0, 0, 0, 0
1.33333333333333, 7.57855197992789, 2.48884767226166, 9.42745453665672, 9.92249860989799, 7.39913700788087, 2.43196563913968, 9.19684777352676, 9.68088925045524, 0, 0, 0, 0, 0.0141785835938828, 0.00242443459094905, 0.029710733284723, 0.00410593136889997, 0.0141785835938828, 0.00242443459094905, 0, 0, 0.029710733284723, 0, 0.0141785835938828, 0, 0.0134322767711113, 0.000746306834640769, 0.0141785835938828, 0, 0, 0, 0, 0, 0.0141785835938828, 0, 0, 0, 0, 0, 0, 0.0141785835938828, 0, 0, 0, 0, 0, 0, 0, 0, 0, 0, 0, 0, 0, 0, 0, 0, 0, 0, 0, 0, 7.39913700788087, 0, 0, 0, 0, 0, 0
1.5, 8.14692731666107, 2.67493500467133, 9.42745453665672, 9.92249860989799, 8.09023434075339, 2.65913212380835, 9.19684777352676, 9.68088925045524, 0, 0, 0, 0, 0.0179886404786496, 0.00292247324707583, 0.029710733284723, 0.00410593136889997, 0.0179886404786496, 0.00292247324707583, 0, 0, 0.029710733284723, 0, 0.0179886404786496, 0, 0.0158054706490961, 0.00218316983927946, 0.0179886404786496, 0, 0, 0, 0, 0, 0.0179886404786496, 0, 0, 0, 0, 0, 0, 0.0179886404786496, 0, 0, 0, 0, 0, 0, 0, 0, 0, 0, 0, 0, 0, 0, 0, 0, 0, 0, 0, 0, 8.09023434075339, 0, 0, 0, 0, 0, 0
1.66666666666667, 7.49581375090163, 2.45973328383926, 9.42745453665672, 9.92249860989799, 7.4345301631331, 2.44365632720879, 9.19684777352676, 9.68088925045524, 0, 0, 0, 0, 0.0223509956308714, 0.0032472796978422, 0.029710733284723, 0.00410593136889997, 0.0223509956308714, 0.0032472796978422, 0, 0, 0.029710733284723, 0, 0.0223509956308714, 0, 0.0159250401585738, 0.0064259554778162, 0.0223509956308714, 0, 0, 0, 0, 0, 0.0223509956308714, 0, 0, 0, 0, 0, 0, 0.0223509956308714, 0, 0, 0, 0, 0, 0, 0, 0, 0, 0, 0, 0, 0, 0, 0, 0, 0, 0, 0, 0, 7.4345301631331, 0, 0, 0, 0, 0, 0
1.83333333333333, 5.77237194292971, 1.89592796614396, 9.42745453665672, 9.92249860989799, 5.72503013736966, 1.88172485412319, 9.19684777352676, 9.68088925045524, 0, 0, 0, 0, 0.00810012388323463, 0.0013067413603141, 0.029710733284723, 0.00410593136889997, 0.00810012388323463, 0.0013067413603141, 0, 0, 0.029710733284723, 0, 0.00810012388323463, 0, 0.00728006797061541, 0.000820055917533638, 0.00810012388323463, 0, 0, 0, 0, 0, 0.00810012388323463, 0, 0, 0, 0, 0, 0, 0.00810012388323463, 0, 0, 0, 0, 0, 0, 0, 0, 0, 0, 0, 0, 0, 0, 0, 0, 0, 0, 0, 0, 5.72503013736966, 0, 0, 0, 0, 0, 0
2, 5.63454828585066, 1.85059020106378, 9.42745453665672, 9.92249860989799, 5.5867755427126, 1.83628398434818, 9.19684777352676, 9.68088925045524, 0, 0, 0, 0, 0.0085927082528342, 0.00141066551240613, 0.029710733284723, 0.00410593136889997, 0.0085927082528342, 0.00141066551240613, 0, 0, 0.029710733284723, 0, 0.0085927082528342, 0, 0.00769709957567148, 0.000895608682168134, 0.0085927082528342, 0, 0, 0, 0, 0, 0.0085927082528342, 0, 0, 0, 0, 0, 0, 0.0085927082528342, 0, 0, 0, 0, 0, 0, 0, 0, 0, 0, 0, 0, 0, 0, 0, 0, 0, 0, 0, 0, 5.5867755427126, 0, 0, 0, 0, 0, 0
2.16666666666667, 6.2792736704182, 2.06228323572045, 9.42745453665672, 9.92249860989799, 6.22997245087308, 2.04769182616929, 9.19684777352676, 9.68088925045524, 0, 0, 0, 0, 0.0101715380154451, 0.00176590932958915, 0.029710733284723, 0.00410593136889997, 0.0101715380154451, 0.00176590932958915, 0, 0, 0.029710733284723, 0, 0.0101715380154451, 0, 0.00977267147483181, 0.000398866548831457, 0.0101715380154451, 0, 0, 0, 0, 0, 0.0101715380154451, 0, 0, 0, 0, 0, 0, 0.0101715380154451, 0, 0, 0, 0, 0, 0, 0, 0, 0, 0, 0, 0, 0, 0, 0, 0, 0, 0, 0, 0, 6.22997245087308, 0, 0, 0, 0, 0, 0
2.33333333333333, 6.46182557724379, 2.12216355571129, 9.42745453665672, 9.92249860989799, 6.41185018775482, 2.10747362895294, 9.19684777352676, 9.68088925045524, 0, 0, 0, 0, 0.0108107608933457, 0.00182385764285455, 0.029710733284723, 0.00410593136889997, 0.0108107608933457, 0.00182385764285455, 0, 0, 0.029710733284723, 0, 0.0108107608933457, 0, 0.0101954052688592, 0.000615355633159442, 0.0108107608933457, 0, 0, 0, 0, 0, 0.0108107608933457, 0, 0, 0, 0, 0, 0, 0.0108107608933457, 0, 0, 0, 0, 0, 0, 0, 0, 0, 0, 0, 0, 0, 0, 0, 0, 0, 0, 0, 0, 6.41185018775482, 0, 0, 0, 0, 0, 0
2.5, 7.71899097522673, 2.53476084295063, 9.42745453665672, 9.92249860989799, 7.49550047969733, 2.46365459881498, 9.19684777352676, 9.68088925045524, 0, 0, 0, 0, 0.0144921969851876, 0.00246145793819487, 0.029710733284723, 0.00410593136889997, 0.0144921969851876, 0.00246145793819487, 0, 0, 0.029710733284723, 0, 0.0144921969851876, 0, 0.0136161066072456, 0.000876090391348509, 0.0144921969851876, 0, 0, 0, 0, 0, 0.0144921969851876, 0, 0, 0, 0, 0, 0, 0.0144921969851876, 0, 0, 0, 0, 0, 0, 0, 0, 0, 0, 0, 0, 0, 0, 0, 0, 0, 0, 0, 0, 7.49550047969733, 0, 0, 0, 0, 0, 0
2.66666666666667, 7.84961501050989, 2.57760083838969, 9.42745453665672, 9.92249860989799, 7.49927562431062, 2.46488813025783, 9.19684777352676, 9.68088925045524, 0, 0, 0, 0, 0.0153724208930928, 0.00254629420670524, 0.029710733284723, 0.00410593136889997, 0.0153724208930928, 0.00254629420670524, 0, 0, 0.029710733284723, 0, 0.0153724208930928, 0, 0.0138554128157805, 0.00151700808723558, 0.0153724208930928, 0, 0, 0, 0, 0, 0.0153724208930928, 0, 0, 0, 0, 0, 0, 0.0153724208930928, 0, 0, 0, 0, 0, 0, 0, 0, 0, 0, 0, 0, 0, 0, 0, 0, 0, 0, 0, 0, 7.49927562431062, 0, 0, 0, 0, 0, 0
2.83333333333333, 6.91892887637271, 2.27212968608338, 9.42745453665672, 9.92249860989799, 6.69785077099994, 2.20149534678741, 9.19684777352676, 9.68088925045524, 0, 0, 0, 0, 0.0116181354833152, 0.00191323045692233, 0.029710733284723, 0.00410593136889997, 0.0116181354833152, 0.00191323045692233, 0, 0, 0.029710733284723, 0, 0.0116181354833152, 0, 0.0103268121704789, 0.00129132332075723, 0.0116181354833152, 0, 0, 0, 0, 0, 0.0116181354833152, 0, 0, 0, 0, 0, 0, 0.0116181354833152, 0, 0, 0, 0, 0, 0, 0, 0, 0, 0, 0, 0, 0, 0, 0, 0, 0, 0, 0, 0, 6.69785077099994, 0, 0, 0, 0, 0, 0
3, 7.0195828532707, 2.30524770855358, 9.42745453665672, 9.92249860989799, 6.87047133315713, 2.25820388556411, 9.19684777352676, 9.68088925045524, 0, 0, 0, 0, 0.0119846207496091, 0.00189672064633912, 0.029710733284723, 0.00410593136889997, 0.0119846207496091, 0.00189672064633912, 0, 0, 0.029710733284723, 0, 0.0119846207496091, 0, 0.0102980082089026, 0.00168661254767836, 0.0119846207496091, 0, 0, 0, 0, 0, 0.0119846207496091, 0, 0, 0, 0, 0, 0, 0.0119846207496091, 0, 0, 0, 0, 0, 0, 0, 0, 0, 0, 0, 0, 0, 0, 0, 0, 0, 0, 0, 0, 6.87047133315713, 0, 0, 0, 0, 0, 0
3.16666666666667, 6.73313082946491, 2.21147473159634, 9.50662664179393, 10.0058433186605, 6.3076875190495, 2.07321343096895, 9.27603799449569, 9.76424469802878, 0, 0, 0, 0, 0.0105357335194676, 0.00166813367224078, 0.0297152454346594, 0.00410627171392372, 0.0105357335194676, 0.00166813367224078, 0, 0, 0.0297152454346594, 0, 0.0105357335194676, 0, 0.00919988928248743, 0.00133584424326234, 0.0105357335194676, 0, 0, 0, 0, 0, 0.0105357335194676, 0, 0, 0, 0, 0, 0, 0.0105357335194676, 0, 0, 0, 0, 0, 0, 0, 0, 0, 0, 0, 0, 0, 0, 0, 0, 0, 0, 0, 0, 6.3076875190495, 0, 0, 0, 0, 0, 0
3.33333333333333, 6.61040910130606, 2.17087943744763, 9.50662664179393, 10.0058433186605, 6.26120345478274, 2.0579765833517, 9.27603799449569, 9.76424469802878, 0, 0, 0, 0, 0.0108701661720803, 0.00175651282111841, 0.0297152454346594, 0.00410627171392372, 0.0108701661720803, 0.00175651282111841, 0, 0, 0.0297152454346594, 0, 0.0108701661720803, 0, 0.00943423692542824, 0.00143592925230748, 0.0108701661720803, 0, 0, 0, 0, 0, 0.0108701661720803, 0, 0, 0, 0, 0, 0, 0.0108701661720803, 0, 0, 0, 0, 0, 0, 0, 0, 0, 0, 0, 0, 0, 0, 0, 0, 0, 0, 0, 0, 6.26120345478274, 0, 0, 0, 0, 0, 0
3.5, 10.4058546352603, 3.41106902283452, 10.5363904284406, 11.0880790864771, 10.0723637525642, 3.31063106689362, 10.2028986411049, 10.7398937315753, 0, 0, 0, 0, 0.0493195739251979, 0.00700456794883268, 0.0493264947814983, 0.00700508997913649, 0.0493195739251979, 0.00700456794883268, 0, 0, 0.0493264947814983, 0, 0.0493195739251979, 0, 0.0327765973985336, 0.0165429765649209, 0.0493195739251979, 0, 0, 0, 0, 0, 0.0493195739251979, 0, 0, 0, 0, 0, 0, 0.0493195739251979, 0, 0, 0, 0, 0, 0, 0, 0, 0, 0, 0, 0, 0, 0, 0, 0, 0, 0, 0, 0, 10.0723637525642, 0, 0, 0, 0, 0, 0
3.66666666666667, 10.5755011254561, 3.46562409732154, 10.7276000532107, 11.2889778877696, 10.258888862778, 3.37185341432087, 10.4109998908833, 10.9589207087044, 0, 0, 0, 0, 0.0537257221463955, 0.007538842580515, 0.0537335410161998, 0.00753943234669455, 0.0537257221463955, 0.007538842580515, 0, 0, 0.0537335410161998, 0, 0.0537257221463955, 0, 0.0349446281718159, 0.0187810940202309, 0.0537257221463955, 0, 0, 0, 0, 0, 0.0537257221463955, 0, 0, 0, 0, 0, 0, 0.0537257221463955, 0, 0, 0, 0, 0, 0, 0, 0, 0, 0, 0, 0, 0, 0, 0, 0, 0, 0, 0, 0, 10.258888862778, 0, 0, 0, 0, 0, 0
3.83333333333333, 6.97463519623795, 2.29040739359856, 10.7276000532107, 11.2889778877696, 6.70509781453786, 2.20385670358002, 10.4109998908833, 10.9589207087044, 0, 0, 0, 0, 0.0124095741144422, 0.00208798357751315, 0.0537335410161998, 0.00753943234669455, 0.0124095741144422, 0.00208798357751315, 0, 0, 0.0537335410161998, 0, 0.0124095741144422, 0, 0.0112313299730778, 0.0011782441534364, 0.0124095741144422, 0, 0, 0, 0, 0, 0.0124095741144422, 0, 0, 0, 0, 0, 0, 0.0124095741144422, 0, 0, 0, 0, 0, 0, 0, 0, 0, 0, 0, 0, 0, 0, 0, 0, 0, 0, 0, 0, 6.70509781453786, 0, 0, 0, 0, 0, 0
4, 7.89580646896412, 2.59297294074807, 10.8268324194161, 11.3934294113809, 7.36868339093496, 2.42194642132556, 10.5102286318751, 11.0633737447449, 0, 0, 0, 0, 0.0135539897186356, 0.0021868940365105, 0.0537405227593487, 0.0075399589696063, 0.0135539897186356, 0.0021868940365105, 0, 0, 0.0537405227593487, 0, 0.0135539897186356, 0, 0.0120115044669152, 0.00154248526167934, 0.0135539897186356, 0, 0, 0, 0, 0, 0.0135539897186356, 0, 0, 0, 0, 0, 0, 0.0135539897186356, 0, 0, 0, 0, 0, 0, 0, 0, 0, 0, 0, 0, 0, 0, 0, 0, 0, 0, 0, 0, 7.36868339093496, 0, 0, 0, 0, 0, 0
4.16666666666667, 8.13773961531826, 2.67240903494956, 10.8268324194161, 11.3934294113809, 7.78795703779776, 2.55975179467846, 10.5102286318751, 11.0633737447449, 0, 0, 0, 0, 0.0148182069299569, 0.00236036037858862, 0.0537405227593487, 0.0075399589696063, 0.0148182069299569, 0.00236036037858862, 0, 0, 0.0537405227593487, 0, 0.0148182069299569, 0, 0.0129365057734509, 0.00188170116505097, 0.0148182069299569, 0, 0, 0, 0, 0, 0.0148182069299569, 0, 0, 0, 0, 0, 0, 0.0148182069299569, 0, 0, 0, 0, 0, 0, 0, 0, 0, 0, 0, 0, 0, 0, 0, 0, 0, 0, 0, 0, 7.78795703779776, 0, 0, 0, 0, 0, 0
4.33333333333333, 7.87837480130012, 2.58740304846188, 10.8268324194161, 11.3934294113809, 7.52949222798211, 2.47481593206871, 10.5102286318751, 11.0633737447449, 0, 0, 0, 0, 0.0132338436553724, 0.00222030903980412, 0.0537405227593487, 0.0075399589696063, 0.0132338436553724, 0.00222030903980412, 0, 0, 0.0537405227593487, 0, 0.0132338436553724, 0, 0.0123754981145342, 0.000858345551369958, 0.0132338436553724, 0, 0, 0, 0, 0, 0.0132338436553724, 0, 0, 0, 0, 0, 0, 0.0132338436553724, 0, 0, 0, 0, 0, 0, 0, 0, 0, 0, 0, 0, 0, 0, 0, 0, 0, 0, 0, 0, 7.52949222798211, 0, 0, 0, 0, 0, 0
4.5, 6.32895330149535, 2.07832447710848, 10.8268324194161, 11.3934294113809, 6.27779334928252, 2.06342988462979, 10.5102286318751, 11.0633737447449, 0, 0, 0, 0, 0.0119133212503124, 0.00191171906315852, 0.0537405227593487, 0.0075399589696063, 0.0119133212503124, 0.00191171906315852, 0, 0, 0.0537405227593487, 0, 0.0119133212503124, 0, 0.0102347173699863, 0.00167860388663168, 0.0119133212503124, 0, 0, 0, 0, 0, 0.0119133212503124, 0, 0, 0, 0, 0, 0, 0.0119133212503124, 0, 0, 0, 0, 0, 0, 0, 0, 0, 0, 0, 0, 0, 0, 0, 0, 0, 0, 0, 0, 6.27779334928252, 0, 0, 0, 0, 0, 0
4.66666666666667, 7.26887220638942, 2.38676802753958, 10.8268324194161, 11.3934294113809, 7.21555725325694, 2.37165107728596, 10.5102286318751, 11.0633737447449, 0, 0, 0, 0, 0.014406858045134, 0.0024262249706838, 0.0537405227593487, 0.0075399589696063, 0.014406858045134, 0.0024262249706838, 0, 0, 0.0537405227593487, 0, 0.014406858045134, 0, 0.013280248496768, 0.00112660955753634, 0.014406858045134, 0, 0, 0, 0, 0, 0.014406858045134, 0, 0, 0, 0, 0, 0, 0.014406858045134, 0, 0, 0, 0, 0, 0, 0, 0, 0, 0, 0, 0, 0, 0, 0, 0, 0, 0, 0, 0, 7.21555725325694, 0, 0, 0, 0, 0, 0
4.83333333333333, 6.53592639613487, 2.14634320457913, 10.8268324194161, 11.3934294113809, 6.48509928233585, 2.13156582598608, 10.5102286318751, 11.0633737447449, 0, 0, 0, 0, 0.0112153706557923, 0.00194181731948358, 0.0537405227593487, 0.0075399589696063, 0.0112153706557923, 0.00194181731948358, 0, 0, 0.0537405227593487, 0, 0.0112153706557923, 0, 0.010688176464679, 0.000527194200424355, 0.0112153706557923, 0, 0, 0, 0, 0, 0.0112153706557923, 0, 0, 0, 0, 0, 0, 0.0112153706557923, 0, 0, 0, 0, 0, 0, 0, 0, 0, 0, 0, 0, 0, 0, 0, 0, 0, 0, 0, 0, 6.48509928233585, 0, 0, 0, 0, 0, 0
5, 7.27408280789328, 2.38835321275007, 10.8268324194161, 11.3934294113809, 7.22023908208766, 2.37318860261455, 10.5102286318751, 11.0633737447449, 0, 0, 0, 0, 0.0148369054994688, 0.00244932857867206, 0.0537405227593487, 0.0075399589696063, 0.0148369054994688, 0.00244932857867206, 0, 0, 0.0537405227593487, 0, 0.0148369054994688, 0, 0.0132445674259629, 0.00159233808504836, 0.0148369054994688, 0, 0, 0, 0, 0, 0.0148369054994688, 0, 0, 0, 0, 0, 0, 0.0148369054994688, 0, 0, 0, 0, 0, 0, 0, 0, 0, 0, 0, 0, 0, 0, 0, 0, 0, 0, 0, 0, 7.22023908208766, 0, 0, 0, 0, 0, 0
5.16666666666667, 7.63485119688482, 2.50687897288573, 10.8268324194161, 11.3934294113809, 7.45329607250241, 2.44978780746523, 10.5102286318751, 11.0633737447449, 0, 0, 0, 0, 0.0160335579368239, 0.00268170734606854, 0.0537405227593487, 0.0075399589696063, 0.0160335579368239, 0.00268170734606854, 0, 0, 0.0537405227593487, 0, 0.0160335579368239, 0, 0.0143934295593167, 0.00164012839090304, 0.0160335579368239, 0, 0, 0, 0, 0, 0.0160335579368239, 0, 0, 0, 0, 0, 0, 0.0160335579368239, 0, 0, 0, 0, 0, 0, 0, 0, 0, 0, 0, 0, 0, 0, 0, 0, 0, 0, 0, 0, 7.45329607250241, 0, 0, 0, 0, 0, 0
5.33333333333333, 6.57975738105747, 2.16104096303032, 10.8268324194161, 11.3934294113809, 6.40295723527002, 2.10454934485412, 10.5102286318751, 11.0633737447449, 0, 0, 0, 0, 0.0108722801212713, 0.00184454569620079, 0.0537405227593487, 0.0075399589696063, 0.0108722801212713, 0.00184454569620079, 0, 0, 0.0537405227593487, 0, 0.0108722801212713, 0, 0.0100910749942677, 0.000781205136394883, 0.0108722801212713, 0, 0, 0, 0, 0, 0.0108722801212713, 0, 0, 0, 0, 0, 0, 0.0108722801212713, 0, 0, 0, 0, 0, 0, 0, 0, 0, 0, 0, 0, 0, 0, 0, 0, 0, 0, 0, 0, 6.40295723527002, 0, 0, 0, 0, 0, 0
5.5, 7.16645085090075, 2.35363319695937, 10.8268324194161, 11.3934294113809, 7.11421163487028, 2.33833145789487, 10.5102286318751, 11.0633737447449, 0, 0, 0, 0, 0.0133409803256464, 0.00219022824620178, 0.0537405227593487, 0.0075399589696063, 0.0133409803256464, 0.00219022824620178, 0, 0, 0.0537405227593487, 0, 0.0133409803256464, 0, 0.0119494315627484, 0.0013915487714921, 0.0133409803256464, 0, 0, 0, 0, 0, 0.0133409803256464, 0, 0, 0, 0, 0, 0, 0.0133409803256464, 0, 0, 0, 0, 0, 0, 0, 0, 0, 0, 0, 0, 0, 0, 0, 0, 0, 0, 0, 0, 7.11421163487028, 0, 0, 0, 0, 0, 0
5.66666666666667, 7.38384646822546, 2.42424413177562, 10.8268324194161, 11.3934294113809, 7.32856013246601, 2.40880182361919, 10.5102286318751, 11.0633737447449, 0, 0, 0, 0, 0.0162990705424562, 0.00245900711386831, 0.0537405227593487, 0.0075399589696063, 0.0162990705424562, 0.00245900711386831, 0, 0, 0.0537405227593487, 0, 0.0162990705424562, 0, 0.012932793747137, 0.00336627680255441, 0.0162990705424562, 0, 0, 0, 0, 0, 0.0162990705424562, 0, 0, 0, 0, 0, 0, 0.0162990705424562, 0, 0, 0, 0, 0, 0, 0, 0, 0, 0, 0, 0, 0, 0, 0, 0, 0, 0, 0, 0, 7.32856013246601, 0, 0, 0, 0, 0, 0
5.83333333333333, 8.11288024299364, 2.66261205601302, 10.8268324194161, 11.3934294113809, 8.0508371979907, 2.64616007708018, 10.5102286318751, 11.0633737447449, 0, 0, 0, 0, 0.0231319312481212, 0.00351421432286786, 0.0537405227593487, 0.0075399589696063, 0.0231319312481212, 0.00351421432286786, 0, 0, 0.0537405227593487, 0, 0.0231319312481212, 0, 0.0181128669851462, 0.00501906427445502, 0.0231319312481212, 0, 0, 0, 0, 0, 0.0231319312481212, 0, 0, 0, 0, 0, 0, 0.0231319312481212, 0, 0, 0, 0, 0, 0, 0, 0, 0, 0, 0, 0, 0, 0, 0, 0, 0, 0, 0, 0, 8.0508371979907, 0, 0, 0, 0, 0, 0
6, 9.92594551033827, 3.25639009544942, 10.8268324194161, 11.3934294113809, 9.85163450392415, 3.23799043770369, 10.5102286318751, 11.0633737447449, 0, 0, 0, 0, 0.035086513845143, 0.00550994083011523, 0.0537405227593487, 0.0075399589696063, 0.035086513845143, 0.00550994083011523, 0, 0, 0.0537405227593487, 0, 0.035086513845143, 0, 0.0282704130565554, 0.00681610081578158, 0.035086513845143, 0, 0, 0, 0, 0, 0.035086513845143, 0, 0, 0, 0, 0, 0, 0.035086513845143, 0, 0, 0, 0, 0, 0, 0, 0, 0, 0, 0, 0, 0, 0, 0, 0, 0, 0, 0, 0, 9.85163450392415, 0, 0, 0, 0, 0, 0
6.16666666666667, 8.09950042739541, 2.65950550132542, 10.8268324194161, 11.3934294113809, 7.91725092979854, 2.60227588681395, 10.5102286318751, 11.0633737447449, 0, 0, 0, 0, 0.0167129441543262, 0.00285343221445229, 0.0537405227593487, 0.0075399589696063, 0.0167129441543262, 0.00285343221445229, 0, 0, 0.0537405227593487, 0, 0.0167129441543262, 0, 0.0156886105369907, 0.00102433363222047, 0.0167129441543262, 0, 0, 0, 0, 0, 0.0167129441543262, 0, 0, 0, 0, 0, 0, 0.0167129441543262, 0, 0, 0, 0, 0, 0, 0, 0, 0, 0, 0, 0, 0, 0, 0, 0, 0, 0, 0, 0, 7.91725092979854, 0, 0, 0, 0, 0, 0
6.33333333333333, 7.56561166645976, 2.48403354389413, 10.8268324194161, 11.3934294113809, 7.3841684566859, 2.42707236291854, 10.5102286318751, 11.0633737447449, 0, 0, 0, 0, 0.0157134404570147, 0.00265478582243964, 0.0537405227593487, 0.0075399589696063, 0.0157134404570147, 0.00265478582243964, 0, 0, 0.0537405227593487, 0, 0.0157134404570147, 0, 0.0141208764609669, 0.00159256401021221, 0.0157134404570147, 0, 0, 0, 0, 0, 0.0157134404570147, 0, 0, 0, 0, 0, 0, 0.0157134404570147, 0, 0, 0, 0, 0, 0, 0, 0, 0, 0, 0, 0, 0, 0, 0, 0, 0, 0, 0, 0, 7.3841684566859, 0, 0, 0, 0, 0, 0
6.5, 11.3252233661491, 3.71564960343116, 11.5867940890231, 12.1945098125354, 11.0329857017839, 3.62632103938574, 11.2945261467882, 11.8889612689034, 0, 0, 0, 0, 0.0412471342779007, 0.0064787993502002, 0.0537405227593487, 0.0075399589696063, 0.0412471342779007, 0.0064787993502002, 0, 0, 0.0537405227593487, 0, 0.0412471342779007, 0, 0.0345314136327943, 0.00671572066867285, 0.0412471342779007, 0, 0, 0, 0, 0, 0.0412471342779007, 0, 0, 0, 0, 0, 0, 0.0412471342779007, 0, 0, 0, 0, 0, 0, 0, 0, 0, 0, 0, 0, 0, 0, 0, 0, 0, 0, 0, 0, 11.0329857017839, 0, 0, 0, 0, 0, 0
6.66666666666667, 12.3691924140954, 4.05633608519966, 12.5870127130797, 13.2466089227259, 12.0235521260885, 3.95195324448987, 12.2413684333891, 12.8856523720841, 0, 0, 0, 0, 0.0495110406142461, 0.00702428700450004, 0.0537405227593487, 0.0075399589696063, 0.0495110406142461, 0.00702428700450004, 0, 0, 0.0537405227593487, 0, 0.0495110406142461, 0, 0.0371038250391014, 0.0124072156155693, 0.0495110406142461, 0, 0, 0, 0, 0, 0.0495110406142461, 0, 0, 0, 0, 0, 0, 0.0495110406142461, 0, 0, 0, 0, 0, 0, 0, 0, 0, 0, 0, 0, 0, 0, 0, 0, 0, 0, 0, 0, 12.0235521260885, 0, 0, 0, 0, 0, 0
6.83333333333333, 20.855608614115, 6.79384410343798, 21.2440343454672, 22.3431498659216, 20.4387271411735, 6.71793545176912, 20.8271416796227, 21.9233232507393, 0, 0, 0, 0, 0.29144270929401, 0.0346343904161117, 0.291461532824951, 0.0346358102481598, 0.29144270929401, 0.0346343904161117, 0, 0, 0.291461532824951, 0, 0.29144270929401, 0, 0.16577090829855, 0.125671801033658, 0.29144270929401, 0, 0, 0, 0, 0, 0.29144270929401, 0, 0, 0, 0, 0, 0, 0.29144270929401, 0, 0, 0, 0, 0, 0, 0, 0, 0, 0, 0, 0, 0, 0, 0, 0, 0, 0, 0, 0, 20.4387271411735, 0, 0, 0, 0, 0, 0
7, 20.7339838460234, 6.78607749427328, 21.4237199978402, 22.5322918609262, 19.8787287591699, 6.53386038622009, 21.0067963396138, 22.1124330695408, 0, 0, 0, 0, 0.161472984298526, 0.0242315441074452, 0.291477982543616, 0.0346370510269391, 0.161472984298526, 0.0242315441074452, 0, 0, 0.291477982543616, 0, 0.161472984298526, 0, 0.124488973901567, 0.0369840105558104, 0.161472984298526, 0, 0, 0, 0, 0, 0.161472984298526, 0, 0, 0, 0, 0, 0, 0.161472984298526, 0, 0, 0, 0, 0, 0, 0, 0, 0, 0, 0, 0, 0, 0, 0, 0, 0, 0, 0, 0, 19.8787287591699, 0, 0, 0, 0, 0, 0
7.16666666666667, 31.6524529950122, 10.3144166755859, 31.8531648365988, 33.5018898002671, 30.6768298700951, 10.0830153487602, 30.8775170754461, 32.5026586133367, 0, 0, 0, 0, 0.482753304295576, 0.0693674073284053, 0.482771183469738, 0.0693687559289707, 0.482753304295576, 0.0693674073284053, 0, 0, 0.482771183469738, 0, 0.482753304295576, 0, 0.339043438999508, 0.143709865424886, 0.482753304295576, 0, 0, 0, 0, 0, 0.482753304295576, 0, 0, 0, 0, 0, 0, 0.482753304295576, 0, 0, 0, 0, 0, 0, 0, 0, 0, 0, 0, 0, 0, 0, 0, 0, 0, 0, 0, 0, 30.6768298700951, 0, 0, 0, 0, 0, 0
7.33333333333333, 26.9746267446153, 8.82851541279645, 33.8411260087842, 35.5944397092477, 24.1005051328939, 7.92143696477048, 32.8649685544934, 34.5947124464288, 0, 0, 0, 0, 0.192515761301977, 0.0258269663255148, 0.483285632296495, 0.0694075600690457, 0.192515761301977, 0.0258269663255148, 0, 0, 0.483285632296495, 0, 0.192515761301977, 0, 0.12887906576244, 0.0636366955768731, 0.192515761301977, 0, 0, 0, 0, 0, 0.192515761301977, 0, 0, 0, 0, 0, 0, 0.192515761301977, 0, 0, 0, 0, 0, 0, 0, 0, 0, 0, 0, 0, 0, 0, 0, 0, 0, 0, 0, 0, 24.1005051328939, 0, 0, 0, 0, 0, 0
7.5, 19.0694000706787, 6.25843608011619, 33.8411260087842, 35.5944397092477, 16.4542555332897, 5.40825312870233, 32.8649685544934, 34.5947124464288, 0, 0, 0, 0, 0.0559625939745439, 0.00918591539706221, 0.483285632296495, 0.0694075600690457, 0.0559625939745439, 0.00918591539706221, 0, 0, 0.483285632296495, 0, 0.0559625939745439, 0, 0.0520139091495111, 0.00394868486503952, 0.0559625939745439, 0, 0, 0, 0, 0, 0.0559625939745439, 0, 0, 0, 0, 0, 0, 0.0559625939745439, 0, 0, 0, 0, 0, 0, 0, 0, 0, 0, 0, 0, 0, 0, 0, 0, 0, 0, 0, 0, 16.4542555332897, 0, 0, 0, 0, 0, 0
7.66666666666667, 22.7944173746879, 7.47158479165235, 33.902947455947, 35.6595138373674, 19.9423934140111, 6.55476441550204, 32.92676792656, 34.6597654310503, 0, 0, 0, 0, 0.108603630242441, 0.0152788342546394, 0.483306483711567, 0.0694091328614968, 0.108603630242441, 0.0152788342546394, 0, 0, 0.483306483711567, 0, 0.108603630242441, 0, 0.0818594946371177, 0.0267441356940956, 0.108603630242441, 0, 0, 0, 0, 0, 0.108603630242441, 0, 0, 0, 0, 0, 0, 0.108603630242441, 0, 0, 0, 0, 0, 0, 0, 0, 0, 0, 0, 0, 0, 0, 0, 0, 0, 0, 0, 0, 19.9423934140111, 0, 0, 0, 0, 0, 0
7.83333333333333, 21.1025040271568, 6.91449380951034, 33.902947455947, 35.6595138373674, 20.3601328383606, 6.69207554494664, 32.92676792656, 34.6597654310503, 0, 0, 0, 0, 0.118748828174242, 0.0173751815944465, 0.483306483711567, 0.0694091328614968, 0.118748828174242, 0.0173751815944465, 0, 0, 0.483306483711567, 0, 0.118748828174242, 0, 0.0923688769916636, 0.0263799512927683, 0.118748828174242, 0, 0, 0, 0, 0, 0.118748828174242, 0, 0, 0, 0, 0, 0, 0.118748828174242, 0, 0, 0, 0, 0, 0, 0, 0, 0, 0, 0, 0, 0, 0, 0, 0, 0, 0, 0, 0, 20.3601328383606, 0, 0, 0, 0, 0, 0
8, 26.9406092586232, 8.81951921410453, 33.902947455947, 35.6595138373674, 26.3141884826012, 8.64906655586925, 32.92676792656, 34.6597654310503, 0, 0, 0, 0, 0.201066652757394, 0.0306206103338077, 0.483306483711567, 0.0694091328614968, 0.201066652757394, 0.0306206103338077, 0, 0, 0.483306483711567, 0, 0.201066652757394, 0, 0.162475111427857, 0.0385915414640973, 0.201066652757394, 0, 0, 0, 0, 0, 0.201066652757394, 0, 0, 0, 0, 0, 0, 0.201066652757394, 0, 0, 0, 0, 0, 0, 0, 0, 0, 0, 0, 0, 0, 0, 0, 0, 0, 0, 0, 0, 26.3141884826012, 0, 0, 0, 0, 0, 0
8.16666666666667, 26.8944717727175, 8.80200724484502, 33.902947455947, 35.6595138373674, 26.2052697807393, 8.61326291010647, 32.92676792656, 34.6597654310503, 0, 0, 0, 0, 0.220039514190837, 0.0345731717726186, 0.483306483711567, 0.0694091328614968, 0.220039514190837, 0.0345731717726186, 0, 0, 0.483306483711567, 0, 0.220039514190837, 0, 0.187753197344094, 0.032286317021824, 0.220039514190837, 0, 0, 0, 0, 0, 0.220039514190837, 0, 0, 0, 0, 0, 0, 0.220039514190837, 0, 0, 0, 0, 0, 0, 0, 0, 0, 0, 0, 0, 0, 0, 0, 0, 0, 0, 0, 0, 26.2052697807393, 0, 0, 0, 0, 0, 0
8.33333333333333, 24.56428172057, 8.03934884545597, 33.902947455947, 35.6595138373674, 23.8578588308448, 7.84170641327508, 32.92676792656, 34.6597654310503, 0, 0, 0, 0, 0.192781298066901, 0.0288202922262919, 0.483306483711567, 0.0694091328614968, 0.192781298066901, 0.0288202922262919, 0, 0, 0.483306483711567, 0, 0.192781298066901, 0, 0.157525883663536, 0.0352554145904865, 0.192781298066901, 0, 0, 0, 0, 0, 0.192781298066901, 0, 0, 0, 0, 0, 0, 0.192781298066901, 0, 0, 0, 0, 0, 0, 0, 0, 0, 0, 0, 0, 0, 0, 0, 0, 0, 0, 0, 0, 23.8578588308448, 0, 0, 0, 0, 0, 0
8.5, 33.0830044718961, 10.7556885661052, 35.1151860115858, 36.9265988485695, 31.787465553722, 10.4481262427745, 33.8191127549046, 35.5990951633636, 0, 0, 0, 0, 0.584382087275131, 0.0738964856766586, 0.584915463949389, 0.0739367175172307, 0.584382087275131, 0.0738964856766586, 0, 0, 0.584915463949389, 0, 0.584382087275131, 0, 0.373553300999477, 0.210828786715535, 0.584382087275131, 0, 0, 0, 0, 0, 0.584382087275131, 0, 0, 0, 0, 0, 0, 0.584382087275131, 0, 0, 0, 0, 0, 0, 0, 0, 0, 0, 0, 0, 0, 0, 0, 0, 0, 0, 0, 0, 31.787465553722, 0, 0, 0, 0, 0, 0
8.66666666666667, 24.3604041244821, 7.97679320209165, 35.1151860115858, 36.9265988485695, 23.2241074445295, 7.63337095109624, 33.8191127549046, 35.5990951633636, 0, 0, 0, 0, 0.171100763532757, 0.02617437157105, 0.584915463949389, 0.0739367175172307, 0.171100763532757, 0.02617437157105, 0, 0, 0.584915463949389, 0, 0.171100763532757, 0, 0.141474057028971, 0.0296267066137378, 0.171100763532757, 0, 0, 0, 0, 0, 0.171100763532757, 0, 0, 0, 0, 0, 0, 0.171100763532757, 0, 0, 0, 0, 0, 0, 0, 0, 0, 0, 0, 0, 0, 0, 0, 0, 0, 0, 0, 0, 23.2241074445295, 0, 0, 0, 0, 0, 0
8.83333333333333, 28.2562123122459, 9.23856972316789, 35.1151860115858, 36.9265988485695, 26.7428116420275, 8.78995411501545, 33.8191127549046, 35.5990951633636, 0, 0, 0, 0, 0.271347532093724, 0.0403872543157908, 0.584915463949389, 0.0739367175172307, 0.271347532093724, 0.0403872543157908, 0, 0, 0.584915463949389, 0, 0.271347532093724, 0, 0.211659697733739, 0.059687834618272, 0.271347532093724, 0, 0, 0, 0, 0, 0.271347532093724, 0, 0, 0, 0, 0, 0, 0.271347532093724, 0, 0, 0, 0, 0, 0, 0, 0, 0, 0, 0, 0, 0, 0, 0, 0, 0, 0, 0, 0, 26.7428116420275, 0, 0, 0, 0, 0, 0
9, 25.3480040044398, 8.29812753335074, 35.1151860115858, 36.9265988485695, 24.3616989862127, 8.00717824426283, 33.8191127549046, 35.5990951633636, 0, 0, 0, 0, 0.193026736754761, 0.0302762243101127, 0.584915463949389, 0.0739367175172307, 0.193026736754761, 0.0302762243101127, 0, 0, 0.584915463949389, 0, 0.193026736754761, 0, 0.165153692699769, 0.0278730442241489, 0.193026736754761, 0, 0, 0, 0, 0, 0.193026736754761, 0, 0, 0, 0, 0, 0, 0.193026736754761, 0, 0, 0, 0, 0, 0, 0, 0, 0, 0, 0, 0, 0, 0, 0, 0, 0, 0, 0, 0, 24.3616989862127, 0, 0, 0, 0, 0, 0
9.16666666666667, 30.9919206490713, 10.1157446769118, 35.1151860115858, 36.9265988485695, 29.9859255748589, 9.85591457484985, 33.8191127549046, 35.5990951633636, 0, 0, 0, 0, 0.381863083401785, 0.0547223759548415, 0.584915463949389, 0.0739367175172307, 0.381863083401785, 0.0547223759548415, 0, 0, 0.584915463949389, 0, 0.381863083401785, 0, 0.27447342750856, 0.10738965617433, 0.381863083401785, 0, 0, 0, 0, 0, 0.381863083401785, 0, 0, 0, 0, 0, 0, 0.381863083401785, 0, 0, 0, 0, 0, 0, 0, 0, 0, 0, 0, 0, 0, 0, 0, 0, 0, 0, 0, 0, 29.9859255748589, 0, 0, 0, 0, 0, 0
9.33333333333333, 33.8152189544843, 11.016624634744, 35.9336765964442, 37.7944364563171, 32.6784910497274, 10.7413500657657, 34.7964280520976, 36.6279582343164, 0, 0, 0, 0, 0.510832575290279, 0.06958590732869, 0.584915463949389, 0.0739367175172307, 0.510832575290279, 0.06958590732869, 0, 0, 0.584915463949389, 0, 0.510832575290279, 0, 0.337793601435248, 0.17303897423988, 0.510832575290279, 0, 0, 0, 0, 0, 0.510832575290279, 0, 0, 0, 0, 0, 0, 0.510832575290279, 0, 0, 0, 0, 0, 0, 0, 0, 0, 0, 0, 0, 0, 0, 0, 0, 0, 0, 0, 0, 32.6784910497274, 0, 0, 0, 0, 0, 0
9.5, 39.4351767663412, 12.8151907710472, 40.3659155090756, 42.4449045046842, 36.9103685373222, 12.1318892886596, 37.8407842147433, 39.832416852541, 0, 0, 0, 0, 0.712112822940714, 0.0875474405515933, 0.712435612520963, 0.0875717881085031, 0.712112822940714, 0.0875474405515933, 0, 0, 0.712435612520963, 0, 0.712112822940714, 0, 0.406863850333269, 0.305248973133914, 0.712112822940714, 0, 0, 0, 0, 0, 0.712112822940714, 0, 0, 0, 0, 0, 0, 0.712112822940714, 0, 0, 0, 0, 0, 0, 0, 0, 0, 0, 0, 0, 0, 0, 0, 0, 0, 0, 0, 0, 36.9103685373222, 0, 0, 0, 0, 0, 0
9.66666666666667, 23.9378382355208, 7.81285643688484, 40.3659155090756, 42.4449045046842, 23.0587138092239, 7.57898666015034, 37.8407842147433, 39.832416852541, 0, 0, 0, 0, 0.280705342068819, 0.037185890639735, 0.712435612520963, 0.0875717881085031, 0.280705342068819, 0.037185890639735, 0, 0, 0.712435612520963, 0, 0.280705342068819, 0, 0.170410908042696, 0.11029443422094, 0.280705342068819, 0, 0, 0, 0, 0, 0.280705342068819, 0, 0, 0, 0, 0, 0, 0.280705342068819, 0, 0, 0, 0, 0, 0, 0, 0, 0, 0, 0, 0, 0, 0, 0, 0, 0, 0, 0, 0, 23.0587138092239, 0, 0, 0, 0, 0, 0
9.83333333333333, 32.1145362846991, 10.4959893817864, 40.3659155090756, 42.4449045046842, 31.1760685501208, 10.2470776775362, 37.8407842147433, 39.832416852541, 0, 0, 0, 0, 0.340516963148805, 0.0523355819517742, 0.712435612520963, 0.0875717881085031, 0.340516963148805, 0.0523355819517742, 0, 0, 0.712435612520963, 0, 0.340516963148805, 0, 0.273218577448927, 0.0672983860355757, 0.340516963148805, 0, 0, 0, 0, 0, 0.340516963148805, 0, 0, 0, 0, 0, 0, 0.340516963148805, 0, 0, 0, 0, 0, 0, 0, 0, 0, 0, 0, 0, 0, 0, 0, 0, 0, 0, 0, 0, 31.1760685501208, 0, 0, 0, 0, 0, 0
10, 32.1413959483697, 10.5112950115288, 40.3659155090756, 42.4449045046842, 31.187938971315, 10.2509455422341, 37.8407842147433, 39.832416852541, 0, 0, 0, 0, 0.312515383313425, 0.04917382449995, 0.712435612520963, 0.0875717881085031, 0.312515383313425, 0.04917382449995, 0, 0, 0.712435612520963, 0, 0.312515383313425, 0, 0.270959504578769, 0.0415558790535607, 0.312515383313425, 0, 0, 0, 0, 0, 0.312515383313425, 0, 0, 0, 0, 0, 0, 0.312515383313425, 0, 0, 0, 0, 0, 0, 0, 0, 0, 0, 0, 0, 0, 0, 0, 0, 0, 0, 0, 0, 31.187938971315, 0, 0, 0, 0, 0, 0
10.1666666666667, 25.3270498754963, 8.27841287808603, 40.3659155090756, 42.4449045046842, 24.4434454509563, 8.03418743870722, 37.8407842147433, 39.832416852541, 0, 0, 0, 0, 0.240303544972235, 0.0328056483431945, 0.712435612520963, 0.0875717881085031, 0.240303544972235, 0.0328056483431945, 0, 0, 0.712435612520963, 0, 0.240303544972235, 0, 0.170144875824775, 0.0701586693851636, 0.240303544972235, 0, 0, 0, 0, 0, 0.240303544972235, 0, 0, 0, 0, 0, 0, 0.240303544972235, 0, 0, 0, 0, 0, 0, 0, 0, 0, 0, 0, 0, 0, 0, 0, 0, 0, 0, 0, 0, 24.4434454509563, 0, 0, 0, 0, 0, 0
10.3333333333333, 39.2192815137609, 12.6469005982182, 41.4881221704808, 43.5961803926829, 37.5707046679191, 12.3490156701847, 39.8389917848251, 41.9358193775111, 0, 0, 0, 0, 1.17393846812379, 0.141998108670674, 1.17449324067443, 0.142039954371637, 1.17393846812379, 0.141998108670674, 0, 0, 1.17449324067443, 0, 1.17393846812379, 0, 0.628371406763944, 0.545567062251629, 1.17393846812379, 0, 0, 0, 0, 0, 1.17393846812379, 0, 0, 0, 0, 0, 0, 1.17393846812379, 0, 0, 0, 0, 0, 0, 0, 0, 0, 0, 0, 0, 0, 0, 0, 0, 0, 0, 0, 0, 37.5707046679191, 0, 0, 0, 0, 0, 0
10.5, 30.1458057612181, 9.87645730062609, 41.6153197732435, 43.7300661940002, 27.0915763182344, 8.90455128743406, 39.9661422015854, 42.0696584489089, 0, 0, 0, 0, 0.183721789298544, 0.0284001967007987, 1.17454889074773, 0.142044151977166, 0.183721789298544, 0.0284001967007987, 0, 0, 1.17454889074773, 0, 0.183721789298544, 0, 0.162602157851109, 0.0211196316005509, 0.183721789298544, 0, 0, 0, 0, 0, 0.183721789298544, 0, 0, 0, 0, 0, 0, 0.183721789298544, 0, 0, 0, 0, 0, 0, 0, 0, 0, 0, 0, 0, 0, 0, 0, 0, 0, 0, 0, 0, 27.0915763182344, 0, 0, 0, 0, 0, 0
10.6666666666667, 22.7638492759128, 7.43854511587974, 41.6153197732435, 43.7300661940002, 22.1250703034688, 7.27219149089425, 39.9661422015854, 42.0696584489089, 0, 0, 0, 0, 0.231329688669618, 0.0324926253144643, 1.17454889074773, 0.142044151977166, 0.231329688669618, 0.0324926253144643, 0, 0, 1.17454889074773, 0, 0.231329688669618, 0, 0.157531490802168, 0.0737981980502131, 0.231329688669618, 0, 0, 0, 0, 0, 0.231329688669618, 0, 0, 0, 0, 0, 0, 0.231329688669618, 0, 0, 0, 0, 0, 0, 0, 0, 0, 0, 0, 0, 0, 0, 0, 0, 0, 0, 0, 0, 22.1250703034688, 0, 0, 0, 0, 0, 0
10.8333333333333, 19.6768336770037, 6.43693611240662, 41.6153197732435, 43.7300661940002, 18.9772574816845, 6.23798089247746, 39.9661422015854, 42.0696584489089, 0, 0, 0, 0, 0.163869291202457, 0.0224478206569091, 1.17454889074773, 0.142044151977166, 0.163869291202457, 0.0224478206569091, 0, 0, 1.17454889074773, 0, 0.163869291202457, 0, 0.109902522476395, 0.0539667688749142, 0.163869291202457, 0, 0, 0, 0, 0, 0.163869291202457, 0, 0, 0, 0, 0, 0, 0.163869291202457, 0, 0, 0, 0, 0, 0, 0, 0, 0, 0, 0, 0, 0, 0, 0, 0, 0, 0, 0, 0, 18.9772574816845, 0, 0, 0, 0, 0, 0
11, 14.7412556545187, 4.83434620226665, 41.6153197732435, 43.7300661940002, 14.1456253902685, 4.64945921798516, 39.9661422015854, 42.0696584489089, 0, 0, 0, 0, 0.0624281981019145, 0.00954857586842177, 1.17454889074773, 0.142044151977166, 0.0624281981019145, 0.00954857586842177, 0, 0, 1.17454889074773, 0, 0.0624281981019145, 0, 0.0519867269143787, 0.0104414712437454, 0.0624281981019145, 0, 0, 0, 0, 0, 0.0624281981019145, 0, 0, 0, 0, 0, 0, 0.0624281981019145, 0, 0, 0, 0, 0, 0, 0, 0, 0, 0, 0, 0, 0, 0, 0, 0, 0, 0, 0, 0, 14.1456253902685, 0, 0, 0, 0, 0, 0
11.1666666666667, 26.7265483237871, 8.68364528789287, 41.6153197732435, 43.7300661940002, 25.838377745789, 8.49274494178109, 39.9661422015854, 42.0696584489089, 0, 0, 0, 0, 0.484338151673594, 0.0581653668396388, 1.17454889074773, 0.142044151977166, 0.484338151673594, 0.0581653668396388, 0, 0, 1.17454889074773, 0, 0.484338151673594, 0, 0.279611225332535, 0.204726926401785, 0.484338151673594, 0, 0, 0, 0, 0, 0.484338151673594, 0, 0, 0, 0, 0, 0, 0.484338151673594, 0, 0, 0, 0, 0, 0, 0, 0, 0, 0, 0, 0, 0, 0, 0, 0, 0, 0, 0, 0, 25.838377745789, 0, 0, 0, 0, 0, 0
11.3333333333333, 19.9638932868596, 6.53436800956659, 41.6153197732435, 43.7300661940002, 19.2407342707674, 6.32415194545829, 39.9661422015854, 42.0696584489089, 0, 0, 0, 0, 0.148104679412864, 0.0212384762065224, 1.17454889074773, 0.142044151977166, 0.148104679412864, 0.0212384762065224, 0, 0, 1.17454889074773, 0, 0.148104679412864, 0, 0.105247003620674, 0.0428576758436491, 0.148104679412864, 0, 0, 0, 0, 0, 0.148104679412864, 0, 0, 0, 0, 0, 0, 0.148104679412864, 0, 0, 0, 0, 0, 0, 0, 0, 0, 0, 0, 0, 0, 0, 0, 0, 0, 0, 0, 0, 19.2407342707674, 0, 0, 0, 0, 0, 0
11.5, 21.2940048907419, 6.96827882778603, 41.6153197732435, 43.7300661940002, 20.5584167910415, 6.75690643610705, 39.9661422015854, 42.0696584489089, 0, 0, 0, 0, 0.16191933983891, 0.0225027565743137, 1.17454889074773, 0.142044151977166, 0.16191933983891, 0.0225027565743137, 0, 0, 1.17454889074773, 0, 0.16191933983891, 0, 0.112478107435316, 0.0494412324443038, 0.16191933983891, 0, 0, 0, 0, 0, 0.16191933983891, 0, 0, 0, 0, 0, 0, 0.16191933983891, 0, 0, 0, 0, 0, 0, 0, 0, 0, 0, 0, 0, 0, 0, 0, 0, 0, 0, 0, 0, 20.5584167910415, 0, 0, 0, 0, 0, 0
11.6666666666667, 24.9082253212584, 8.14542337729634, 41.6153197732435, 43.7300661940002, 24.290337563947, 7.9838001440211, 39.9661422015854, 42.0696584489089, 0, 0, 0, 0, 0.2142042596926, 0.0287621466756029, 1.17454889074773, 0.142044151977166, 0.2142042596926, 0.0287621466756029, 0, 0, 1.17454889074773, 0, 0.2142042596926, 0, 0.148522025113318, 0.0656822346325857, 0.2142042596926, 0, 0, 0, 0, 0, 0.2142042596926, 0, 0, 0, 0, 0, 0, 0.2142042596926, 0, 0, 0, 0, 0, 0, 0, 0, 0, 0, 0, 0, 0, 0, 0, 0, 0, 0, 0, 0, 24.290337563947, 0, 0, 0, 0, 0, 0
11.8333333333333, 33.1119268969834, 10.8335140057824, 41.6153197732435, 43.7300661940002, 32.7709928735658, 10.7713044233187, 39.9661422015854, 42.0696584489089, 0, 0, 0, 0, 0.301859276749469, 0.0493631415170803, 1.17454889074773, 0.142044151977166, 0.301859276749469, 0.0493631415170803, 0, 0, 1.17454889074773, 0, 0.301859276749469, 0, 0.273421936630954, 0.0284373403753033, 0.301859276749469, 0, 0, 0, 0, 0, 0.301859276749469, 0, 0, 0, 0, 0, 0, 0.301859276749469, 0, 0, 0, 0, 0, 0, 0, 0, 0, 0, 0, 0, 0, 0, 0, 0, 0, 0, 0, 0, 32.7709928735658, 0, 0, 0, 0, 0, 0
12, 39.0419337387392, 12.7602443977907, 41.8735484392116, 44.054872054382, 38.5613027774849, 12.6743445993033, 41.3922864066183, 43.5707805956879, 0, 0, 0, 0, 0.442021202734419, 0.0727857650474685, 1.17454889074773, 0.142044151977166, 0.442021202734419, 0.0727857650474685, 0, 0, 1.17454889074773, 0, 0.442021202734419, 0, 0.398253423912884, 0.0437677791898487, 0.442021202734419, 0, 0, 0, 0, 0, 0.442021202734419, 0, 0, 0, 0, 0, 0, 0.442021202734419, 0, 0, 0, 0, 0, 0, 0, 0, 0, 0, 0, 0, 0, 0, 0, 0, 0, 0, 0, 0, 38.5613027774849, 0, 0, 0, 0, 0, 0
12.1666666666667, 33.8612588253423, 11.0408440111485, 41.8735484392116, 44.054872054382, 33.3537964903888, 10.9629014730537, 41.3922864066183, 43.5707805956879, 0, 0, 0, 0, 0.46863325634397, 0.065193510004576, 1.17454889074773, 0.142044151977166, 0.46863325634397, 0.065193510004576, 0, 0, 1.17454889074773, 0, 0.46863325634397, 0, 0.337376000868097, 0.131257255626207, 0.46863325634397, 0, 0, 0, 0, 0, 0.46863325634397, 0, 0, 0, 0, 0, 0, 0.46863325634397, 0, 0, 0, 0, 0, 0, 0, 0, 0, 0, 0, 0, 0, 0, 0, 0, 0, 0, 0, 0, 33.3537964903888, 0, 0, 0, 0, 0, 0
12.3333333333333, 27.1615595955662, 8.86587430492415, 41.8735484392116, 44.054872054382, 26.8108649251424, 8.8123204788612, 41.3922864066183, 43.5707805956879, 0, 0, 0, 0, 0.311712573768233, 0.0407448609094267, 1.17454889074773, 0.142044151977166, 0.311712573768233, 0.0407448609094267, 0, 0, 1.17454889074773, 0, 0.311712573768233, 0, 0.212224581147055, 0.0994879927261649, 0.311712573768233, 0, 0, 0, 0, 0, 0.311712573768233, 0, 0, 0, 0, 0, 0, 0.311712573768233, 0, 0, 0, 0, 0, 0, 0, 0, 0, 0, 0, 0, 0, 0, 0, 0, 0, 0, 0, 0, 26.8108649251424, 0, 0, 0, 0, 0, 0
12.5, 16.1283235995881, 5.28590663158337, 41.8735484392116, 44.054872054382, 15.841613317694, 5.20686073903182, 41.3922864066183, 43.5707805956879, 0, 0, 0, 0, 0.078264301407534, 0.0105071004485335, 1.17454889074773, 0.142044151977166, 0.078264301407534, 0.0105071004485335, 0, 0, 1.17454889074773, 0, 0.078264301407534, 0, 0.0570710463510019, 0.0211932550843019, 0.078264301407534, 0, 0, 0, 0, 0, 0.078264301407534, 0, 0, 0, 0, 0, 0, 0.078264301407534, 0, 0, 0, 0, 0, 0, 0, 0, 0, 0, 0, 0, 0, 0, 0, 0, 0, 0, 0, 0, 15.841613317694, 0, 0, 0, 0, 0, 0
12.6666666666667, 10.9089313540153, 3.58071563023159, 41.8735484392116, 44.054872054382, 10.6706106232474, 3.50725282296363, 41.3922864066183, 43.5707805956879, 0, 0, 0, 0, 0.0294512473584241, 0.00479550395224592, 1.17454889074773, 0.142044151977166, 0.0294512473584241, 0.00479550395224592, 0, 0, 1.17454889074773, 0, 0.0294512473584241, 0, 0.0265410840709752, 0.00291016330497358, 0.0294512473584241, 0, 0, 0, 0, 0, 0.0294512473584241, 0, 0, 0, 0, 0, 0, 0.0294512473584241, 0, 0, 0, 0, 0, 0, 0, 0, 0, 0, 0, 0, 0, 0, 0, 0, 0, 0, 0, 0, 10.6706106232474, 0, 0, 0, 0, 0, 0
12.8333333333333, 15.4267697375675, 5.04938844719037, 41.8735484392116, 44.054872054382, 15.2767895738642, 5.02124396102653, 41.3922864066183, 43.5707805956879, 0, 0, 0, 0, 0.110771796201387, 0.0152232931567297, 1.17454889074773, 0.142044151977166, 0.110771796201387, 0.0152232931567297, 0, 0, 1.17454889074773, 0, 0.110771796201387, 0, 0.0758531119943295, 0.0349186842918546, 0.110771796201387, 0, 0, 0, 0, 0, 0.110771796201387, 0, 0, 0, 0, 0, 0, 0.110771796201387, 0, 0, 0, 0, 0, 0, 0, 0, 0, 0, 0, 0, 0, 0, 0, 0, 0, 0, 0, 0, 15.2767895738642, 0, 0, 0, 0, 0, 0
13, 11.8961261469244, 3.89715374564637, 41.8735484392116, 44.054872054382, 11.7900685229442, 3.87521926905612, 41.3922864066183, 43.5707805956879, 0, 0, 0, 0, 0.0664917396654723, 0.00935547857267389, 1.17454889074773, 0.142044151977166, 0.0664917396654723, 0.00935547857267389, 0, 0, 1.17454889074773, 0, 0.0664917396654723, 0, 0.0478191266881345, 0.0186726130277362, 0.0664917396654723, 0, 0, 0, 0, 0, 0.0664917396654723, 0, 0, 0, 0, 0, 0, 0.0664917396654723, 0, 0, 0, 0, 0, 0, 0, 0, 0, 0, 0, 0, 0, 0, 0, 0, 0, 0, 0, 0, 11.7900685229442, 0, 0, 0, 0, 0, 0
13.1666666666667, 13.5327785229458, 4.43594080817767, 41.8735484392116, 44.054872054382, 13.4265001578202, 4.41310378496965, 41.3922864066183, 43.5707805956879, 0, 0, 0, 0, 0.0676815271678354, 0.0101710275408409, 1.17454889074773, 0.142044151977166, 0.0676815271678354, 0.0101710275408409, 0, 0, 1.17454889074773, 0, 0.0676815271678354, 0, 0.0543384282729147, 0.0133430989466257, 0.0676815271678354, 0, 0, 0, 0, 0, 0.0676815271678354, 0, 0, 0, 0, 0, 0, 0.0676815271678354, 0, 0, 0, 0, 0, 0, 0, 0, 0, 0, 0, 0, 0, 0, 0, 0, 0, 0, 0, 0, 13.4265001578202, 0, 0, 0, 0, 0, 0
13.3333333333333, 23.2036936016336, 7.5438407639098, 41.8735484392116, 44.054872054382, 22.762264858839, 7.48163845764777, 41.3922864066183, 43.5707805956879, 0, 0, 0, 0, 0.402556017549972, 0.0493951211868618, 1.17454889074773, 0.142044151977166, 0.402556017549972, 0.0493951211868618, 0, 0, 1.17454889074773, 0, 0.402556017549972, 0, 0.237505129532616, 0.165050888090651, 0.402556017549972, 0, 0, 0, 0, 0, 0.402556017549972, 0, 0, 0, 0, 0, 0, 0.402556017549972, 0, 0, 0, 0, 0, 0, 0, 0, 0, 0, 0, 0, 0, 0, 0, 0, 0, 0, 0, 0, 22.762264858839, 0, 0, 0, 0, 0, 0
13.5, 10.7910893453278, 3.54012978863552, 41.8735484392116, 44.054872054382, 10.5860139003369, 3.47944286453351, 41.3922864066183, 43.5707805956879, 0, 0, 0, 0, 0.0395461833428205, 0.00635382168297494, 1.17454889074773, 0.142044151977166, 0.0395461833428205, 0.00635382168297494, 0, 0, 1.17454889074773, 0, 0.0395461833428205, 0, 0.0333995269533222, 0.0061466564191204, 0.0395461833428205, 0, 0, 0, 0, 0, 0.0395461833428205, 0, 0, 0, 0, 0, 0, 0.0395461833428205, 0, 0, 0, 0, 0, 0, 0, 0, 0, 0, 0, 0, 0, 0, 0, 0, 0, 0, 0, 0, 10.5860139003369, 0, 0, 0, 0, 0, 0
13.6666666666667, 18.2960508751907, 5.98916279564593, 41.8735484392116, 44.054872054382, 17.9954249126992, 5.9148248990731, 41.3922864066183, 43.5707805956879, 0, 0, 0, 0, 0.13497641738226, 0.0199309195399258, 1.17454889074773, 0.142044151977166, 0.13497641738226, 0.0199309195399258, 0, 0, 1.17454889074773, 0, 0.13497641738226, 0, 0.102415482706774, 0.0325609348047559, 0.13497641738226, 0, 0, 0, 0, 0, 0.13497641738226, 0, 0, 0, 0, 0, 0, 0.13497641738226, 0, 0, 0, 0, 0, 0, 0, 0, 0, 0, 0, 0, 0, 0, 0, 0, 0, 0, 0, 0, 17.9954249126992, 0, 0, 0, 0, 0, 0
13.8333333333333, 13.1246778048031, 4.30361521398043, 41.8735484392116, 44.054872054382, 12.8584947796509, 4.22640081368576, 41.3922864066183, 43.5707805956879, 0, 0, 0, 0, 0.0573094347321874, 0.00848212224509018, 1.17454889074773, 0.142044151977166, 0.0573094347321874, 0.00848212224509018, 0, 0, 1.17454889074773, 0, 0.0573094347321874, 0, 0.0455684164743301, 0.0117410183043122, 0.0573094347321874, 0, 0, 0, 0, 0, 0.0573094347321874, 0, 0, 0, 0, 0, 0, 0.0573094347321874, 0, 0, 0, 0, 0, 0, 0, 0, 0, 0, 0, 0, 0, 0, 0, 0, 0, 0, 0, 0, 12.8584947796509, 0, 0, 0, 0, 0, 0
14, 13.8185919798808, 4.53462508645665, 41.8735484392116, 44.054872054382, 13.5665877715685, 4.45912682824785, 41.3922864066183, 43.5707805956879, 0, 0, 0, 0, 0.0433944283399241, 0.0069513237302748, 1.17454889074773, 0.142044151977166, 0.0433944283399241, 0.0069513237302748, 0, 0, 1.17454889074773, 0, 0.0433944283399241, 0, 0.03950331141992, 0.00389111694787783, 0.0433944283399241, 0, 0, 0, 0, 0, 0.0433944283399241, 0, 0, 0, 0, 0, 0, 0.0433944283399241, 0, 0, 0, 0, 0, 0, 0, 0, 0, 0, 0, 0, 0, 0, 0, 0, 0, 0, 0, 0, 13.5665877715685, 0, 0, 0, 0, 0, 0
14.1666666666667, 20.6619067069435, 6.76812637587913, 41.8735484392116, 44.054872054382, 20.4872122679329, 6.7338247315316, 41.3922864066183, 43.5707805956879, 0, 0, 0, 0, 0.135540851898763, 0.0214404195587732, 1.17454889074773, 0.142044151977166, 0.135540851898763, 0.0214404195587732, 0, 0, 1.17454889074773, 0, 0.135540851898763, 0, 0.114245651768584, 0.0212952002545332, 0.135540851898763, 0, 0, 0, 0, 0, 0.135540851898763, 0, 0, 0, 0, 0, 0, 0.135540851898763, 0, 0, 0, 0, 0, 0, 0, 0, 0, 0, 0, 0, 0, 0, 0, 0, 0, 0, 0, 0, 20.4872122679329, 0, 0, 0, 0, 0, 0
14.3333333333333, 22.7932719157884, 7.45917032606191, 41.8735484392116, 44.054872054382, 22.5623790206301, 7.41598768737534, 41.3922864066183, 43.5707805956879, 0, 0, 0, 0, 0.191561684519329, 0.0303013147074016, 1.17454889074773, 0.142044151977166, 0.191561684519329, 0.0303013147074016, 0, 0, 1.17454889074773, 0, 0.191561684519329, 0, 0.159940784722101, 0.0316208999914125, 0.191561684519329, 0, 0, 0, 0, 0, 0.191561684519329, 0, 0, 0, 0, 0, 0, 0.191561684519329, 0, 0, 0, 0, 0, 0, 0, 0, 0, 0, 0, 0, 0, 0, 0, 0, 0, 0, 0, 0, 22.5623790206301, 0, 0, 0, 0, 0, 0
14.5, 19.6948773119802, 6.44831678514401, 41.8735484392116, 44.054872054382, 19.5124188233611, 6.41342412974751, 41.3922864066183, 43.5707805956879, 0, 0, 0, 0, 0.143396378283995, 0.0220516319375604, 1.17454889074773, 0.142044151977166, 0.143396378283995, 0.0220516319375604, 0, 0, 1.17454889074773, 0, 0.143396378283995, 0, 0.11818362284489, 0.0252127555258989, 0.143396378283995, 0, 0, 0, 0, 0, 0.143396378283995, 0, 0, 0, 0, 0, 0, 0.143396378283995, 0, 0, 0, 0, 0, 0, 0, 0, 0, 0, 0, 0, 0, 0, 0, 0, 0, 0, 0, 0, 19.5124188233611, 0, 0, 0, 0, 0, 0
14.6666666666667, 18.5975211844589, 6.07525034210843, 41.8735484392116, 44.054872054382, 18.2390933570655, 5.99492421203931, 41.3922864066183, 43.5707805956879, 0, 0, 0, 0, 0.193229934094104, 0.0260539449372104, 1.17454889074773, 0.142044151977166, 0.193229934094104, 0.0260539449372104, 0, 0, 1.17454889074773, 0, 0.193229934094104, 0, 0.128317481140641, 0.0649124530587489, 0.193229934094104, 0, 0, 0, 0, 0, 0.193229934094104, 0, 0, 0, 0, 0, 0, 0.193229934094104, 0, 0, 0, 0, 0, 0, 0, 0, 0, 0, 0, 0, 0, 0, 0, 0, 0, 0, 0, 0, 18.2390933570655, 0, 0, 0, 0, 0, 0
14.8333333333333, 18.2870719353379, 5.98585547962842, 41.8735484392116, 44.054872054382, 17.9863962621142, 5.91181944234998, 41.3922864066183, 43.5707805956879, 0, 0, 0, 0, 0.135874192226924, 0.0198440513634567, 1.17454889074773, 0.142044151977166, 0.135874192226924, 0.0198440513634567, 0, 0, 1.17454889074773, 0, 0.135874192226924, 0, 0.0985842059556893, 0.0372899863185151, 0.135874192226924, 0, 0, 0, 0, 0, 0.135874192226924, 0, 0, 0, 0, 0, 0, 0.135874192226924, 0, 0, 0, 0, 0, 0, 0, 0, 0, 0, 0, 0, 0, 0, 0, 0, 0, 0, 0, 0, 17.9863962621142, 0, 0, 0, 0, 0, 0
15, 21.4529654727708, 7.01214346779038, 41.8735484392116, 44.054872054382, 21.0428645033807, 6.91644475220777, 41.3922864066183, 43.5707805956879, 0, 0, 0, 0, 0.202476948264442, 0.0274267250330651, 1.17454889074773, 0.142044151977166, 0.202476948264442, 0.0274267250330651, 0, 0, 1.17454889074773, 0, 0.202476948264442, 0, 0.137032627573213, 0.0654443207344357, 0.202476948264442, 0, 0, 0, 0, 0, 0.202476948264442, 0, 0, 0, 0, 0, 0, 0.202476948264442, 0, 0, 0, 0, 0, 0, 0, 0, 0, 0, 0, 0, 0, 0, 0, 0, 0, 0, 0, 0, 21.0428645033807, 0, 0, 0, 0, 0, 0
15.1666666666667, 28.0281566737075, 9.16768292922774, 41.8735484392116, 44.054872054382, 27.5560207697356, 9.0572195640874, 41.3922864066183, 43.5707805956879, 0, 0, 0, 0, 0.264318322448411, 0.0421645658966928, 1.17454889074773, 0.142044151977166, 0.264318322448411, 0.0421645658966928, 0, 0, 1.17454889074773, 0, 0.264318322448411, 0, 0.223349215260724, 0.040969107343578, 0.264318322448411, 0, 0, 0, 0, 0, 0.264318322448411, 0, 0, 0, 0, 0, 0, 0.264318322448411, 0, 0, 0, 0, 0, 0, 0, 0, 0, 0, 0, 0, 0, 0, 0, 0, 0, 0, 0, 0, 27.5560207697356, 0, 0, 0, 0, 0, 0
15.3333333333333, 25.7696001582597, 8.4187336858146, 41.8735484392116, 44.054872054382, 25.4451058632748, 8.36343560640564, 41.3922864066183, 43.5707805956879, 0, 0, 0, 0, 0.285474631881399, 0.0425009872926313, 1.17454889074773, 0.142044151977166, 0.285474631881399, 0.0425009872926313, 0, 0, 1.17454889074773, 0, 0.285474631881399, 0, 0.210795699070605, 0.0746789329496051, 0.285474631881399, 0, 0, 0, 0, 0, 0.285474631881399, 0, 0, 0, 0, 0, 0, 0.285474631881399, 0, 0, 0, 0, 0, 0, 0, 0, 0, 0, 0, 0, 0, 0, 0, 0, 0, 0, 0, 0, 25.4451058632748, 0, 0, 0, 0, 0, 0
15.5, 14.6910241145596, 4.81219641814161, 41.8735484392116, 44.054872054382, 14.5597724865824, 4.78559455565474, 41.3922864066183, 43.5707805956879, 0, 0, 0, 0, 0.0919360193359591, 0.0136654446655478, 1.17454889074773, 0.142044151977166, 0.0919360193359591, 0.0136654446655478, 0, 0, 1.17454889074773, 0, 0.0919360193359591, 0, 0.0675809999623823, 0.0243550194497593, 0.0919360193359591, 0, 0, 0, 0, 0, 0.0919360193359591, 0, 0, 0, 0, 0, 0, 0.0919360193359591, 0, 0, 0, 0, 0, 0, 0, 0, 0, 0, 0, 0, 0, 0, 0, 0, 0, 0, 0, 0, 14.5597724865824, 0, 0, 0, 0, 0, 0
15.6666666666667, 23.3928800133758, 7.66131044994743, 41.8735484392116, 44.054872054382, 22.9321072582669, 7.53741141481624, 41.3922864066183, 43.5707805956879, 0, 0, 0, 0, 0.163023472697905, 0.0260176224430174, 1.17454889074773, 0.142044151977166, 0.163023472697905, 0.0260176224430174, 0, 0, 1.17454889074773, 0, 0.163023472697905, 0, 0.138360642592802, 0.0246628302342786, 0.163023472697905, 0, 0, 0, 0, 0, 0.163023472697905, 0, 0, 0, 0, 0, 0, 0.163023472697905, 0, 0, 0, 0, 0, 0, 0, 0, 0, 0, 0, 0, 0, 0, 0, 0, 0, 0, 0, 0, 22.9321072582669, 0, 0, 0, 0, 0, 0
15.8333333333333, 29.9323260760926, 9.78948429319383, 41.8735484392116, 44.054872054382, 29.2636791292939, 9.61834975952243, 41.3922864066183, 43.5707805956879, 0, 0, 0, 0, 0.288110490964596, 0.0458000719976426, 1.17454889074773, 0.142044151977166, 0.288110490964596, 0.0458000719976426, 0, 0, 1.17454889074773, 0, 0.288110490964596, 0, 0.239044920826286, 0.049065570345367, 0.288110490964596, 0, 0, 0, 0, 0, 0.288110490964596, 0, 0, 0, 0, 0, 0, 0.288110490964596, 0, 0, 0, 0, 0, 0, 0, 0, 0, 0, 0, 0, 0, 0, 0, 0, 0, 0, 0, 0, 29.2636791292939, 0, 0, 0, 0, 0, 0
16, 26.6734146242678, 8.7176146950102, 41.8735484392116, 44.054872054382, 25.8673866026629, 8.50222126562344, 41.3922864066183, 43.5707805956879, 0, 0, 0, 0, 0.271565772873635, 0.0397560367889269, 1.17454889074773, 0.142044151977166, 0.271565772873635, 0.0397560367889269, 0, 0, 1.17454889074773, 0, 0.271565772873635, 0, 0.191192655543515, 0.0803731175232228, 0.271565772873635, 0, 0, 0, 0, 0, 0.271565772873635, 0, 0, 0, 0, 0, 0, 0.271565772873635, 0, 0, 0, 0, 0, 0, 0, 0, 0, 0, 0, 0, 0, 0, 0, 0, 0, 0, 0, 0, 25.8673866026629, 0, 0, 0, 0, 0, 0
16.1666666666667, 22.5115143275708, 7.3582897022279, 41.8735484392116, 44.054872054382, 21.7160835022702, 7.13774572164335, 41.3922864066183, 43.5707805956879, 0, 0, 0, 0, 0.216065504920353, 0.0301284612354952, 1.17454889074773, 0.142044151977166, 0.216065504920353, 0.0301284612354952, 0, 0, 1.17454889074773, 0, 0.216065504920353, 0, 0.141551868197911, 0.0745136368876625, 0.216065504920353, 0, 0, 0, 0, 0, 0.216065504920353, 0, 0, 0, 0, 0, 0, 0.216065504920353, 0, 0, 0, 0, 0, 0, 0, 0, 0, 0, 0, 0, 0, 0, 0, 0, 0, 0, 0, 0, 21.7160835022702, 0, 0, 0, 0, 0, 0
16.3333333333333, 30.3729826592007, 9.93900582398182, 41.8735484392116, 44.054872054382, 29.5340572028272, 9.70736168407397, 41.3922864066183, 43.5707805956879, 0, 0, 0, 0, 0.261139578404807, 0.0417267935749236, 1.17454889074773, 0.142044151977166, 0.261139578404807, 0.0417267935749236, 0, 0, 1.17454889074773, 0, 0.261139578404807, 0, 0.221486775055201, 0.0396528035526584, 0.261139578404807, 0, 0, 0, 0, 0, 0.261139578404807, 0, 0, 0, 0, 0, 0, 0.261139578404807, 0, 0, 0, 0, 0, 0, 0, 0, 0, 0, 0, 0, 0, 0, 0, 0, 0, 0, 0, 0, 29.5340572028272, 0, 0, 0, 0, 0, 0
16.5, 31.5640170028662, 10.3199835559831, 41.8735484392116, 44.054872054382, 30.6761247669169, 10.0827537302673, 41.3922864066183, 43.5707805956879, 0, 0, 0, 0, 0.298830580822416, 0.0436263604468513, 1.17454889074773, 0.142044151977166, 0.298830580822416, 0.0436263604468513, 0, 0, 1.17454889074773, 0, 0.298830580822416, 0, 0.230457737852341, 0.0683728431201146, 0.298830580822416, 0, 0, 0, 0, 0, 0.298830580822416, 0, 0, 0, 0, 0, 0, 0.298830580822416, 0, 0, 0, 0, 0, 0, 0, 0, 0, 0, 0, 0, 0, 0, 0, 0, 0, 0, 0, 0, 30.6761247669169, 0, 0, 0, 0, 0, 0
16.6666666666667, 51.8570068095513, 16.8932485743624, 54.309763495149, 57.1210615131855, 50.5565547845665, 16.6171971018474, 53.0087037941108, 55.7986519680468, 0, 0, 0, 0, 0.882693849090128, 0.138745843012998, 1.17454889074773, 0.142044151977166, 0.882693849090128, 0.138745843012998, 0, 0, 1.17454889074773, 0, 0.882693849090128, 0, 0.774512881335569, 0.108180968418123, 0.882693849090128, 0, 0, 0, 0, 0, 0.882693849090128, 0, 0, 0, 0, 0, 0, 0.882693849090128, 0, 0, 0, 0, 0, 0, 0, 0, 0, 0, 0, 0, 0, 0, 0, 0, 0, 0, 0, 0, 50.5565547845665, 0, 0, 0, 0, 0, 0
16.8333333333333, 29.4420160480712, 9.62453093542412, 54.309763495149, 57.1210615131855, 28.8188953954067, 9.47232717740212, 53.0087037941108, 55.7986519680468, 0, 0, 0, 0, 0.299562415650946, 0.0458644446748118, 1.17454889074773, 0.142044151977166, 0.299562415650946, 0.0458644446748118, 0, 0, 1.17454889074773, 0, 0.299562415650946, 0, 0.23509160081511, 0.0644708149561364, 0.299562415650946, 0, 0, 0, 0, 0, 0.299562415650946, 0, 0, 0, 0, 0, 0, 0.299562415650946, 0, 0, 0, 0, 0, 0, 0, 0, 0, 0, 0, 0, 0, 0, 0, 0, 0, 0, 0, 0, 28.8188953954067, 0, 0, 0, 0, 0, 0
17, 30.3322645070939, 9.91533445982147, 54.309763495149, 57.1210615131855, 29.6777349337465, 9.75456414985793, 53.0087037941108, 55.7986519680468, 0, 0, 0, 0, 0.309107674741229, 0.0471941291679683, 1.17454889074773, 0.142044151977166, 0.309107674741229, 0.0471941291679683, 0, 0, 1.17454889074773, 0, 0.309107674741229, 0, 0.24235793456977, 0.0667497403044792, 0.309107674741229, 0, 0, 0, 0, 0, 0.309107674741229, 0, 0, 0, 0, 0, 0, 0.309107674741229, 0, 0, 0, 0, 0, 0, 0, 0, 0, 0, 0, 0, 0, 0, 0, 0, 0, 0, 0, 0, 29.6777349337465, 0, 0, 0, 0, 0, 0
17.1666666666667, 38.8174054881002, 12.6561801130905, 54.309763495149, 57.1210615131855, 37.599533749197, 12.3583685501845, 53.0087037941108, 55.7986519680468, 0, 0, 0, 0, 0.553562780860196, 0.0794612986261165, 1.17454889074773, 0.142044151977166, 0.553562780860196, 0.0794612986261165, 0, 0, 1.17454889074773, 0, 0.553562780860196, 0, 0.395350232994575, 0.158212548003286, 0.553562780860196, 0, 0, 0, 0, 0, 0.553562780860196, 0, 0, 0, 0, 0, 0, 0.553562780860196, 0, 0, 0, 0, 0, 0, 0, 0, 0, 0, 0, 0, 0, 0, 0, 0, 0, 0, 0, 0, 37.599533749197, 0, 0, 0, 0, 0, 0
17.3333333333333, 25.3759513473985, 8.30813787272307, 54.309763495149, 57.1210615131855, 24.2949133823069, 7.98534664036054, 53.0087037941108, 55.7986519680468, 0, 0, 0, 0, 0.189773635189816, 0.0298821170988444, 1.17454889074773, 0.142044151977166, 0.189773635189816, 0.0298821170988444, 0, 0, 1.17454889074773, 0, 0.189773635189816, 0, 0.155297991458416, 0.0344756438101679, 0.189773635189816, 0, 0, 0, 0, 0, 0.189773635189816, 0, 0, 0, 0, 0, 0, 0.189773635189816, 0, 0, 0, 0, 0, 0, 0, 0, 0, 0, 0, 0, 0, 0, 0, 0, 0, 0, 0, 0, 24.2949133823069, 0, 0, 0, 0, 0, 0
17.5, 36.038342549543, 11.7873050604685, 54.309763495149, 57.1210615131855, 34.1597091629293, 11.227765007675, 53.0087037941108, 55.7986519680468, 0, 0, 0, 0, 0.338165110559826, 0.0532639395507657, 1.17454889074773, 0.142044151977166, 0.338165110559826, 0.0532639395507657, 0, 0, 1.17454889074773, 0, 0.338165110559826, 0, 0.287082653975319, 0.0510824567961956, 0.338165110559826, 0, 0, 0, 0, 0, 0.338165110559826, 0, 0, 0, 0, 0, 0, 0.338165110559826, 0, 0, 0, 0, 0, 0, 0, 0, 0, 0, 0, 0, 0, 0, 0, 0, 0, 0, 0, 0, 34.1597091629293, 0, 0, 0, 0, 0, 0
17.6666666666667, 28.2250634499997, 9.2487476890669, 54.309763495149, 57.1210615131855, 26.8104358474639, 8.81215902503038, 53.0087037941108, 55.7986519680468, 0, 0, 0, 0, 0.172822220261524, 0.0284423652836172, 1.17454889074773, 0.142044151977166, 0.172822220261524, 0.0284423652836172, 0, 0, 1.17454889074773, 0, 0.172822220261524, 0, 0.160580027335231, 0.0122421930584867, 0.172822220261524, 0, 0, 0, 0, 0, 0.172822220261524, 0, 0, 0, 0, 0, 0, 0.172822220261524, 0, 0, 0, 0, 0, 0, 0, 0, 0, 0, 0, 0, 0, 0, 0, 0, 0, 0, 0, 0, 26.8104358474639, 0, 0, 0, 0, 0, 0
17.8333333333333, 31.6496390220683, 10.3674892923006, 54.309763495149, 57.1210615131855, 30.2215495416203, 9.93319483941628, 53.0087037941108, 55.7986519680468, 0, 0, 0, 0, 0.21740931317434, 0.0358949418310496, 1.17454889074773, 0.142044151977166, 0.21740931317434, 0.0358949418310496, 0, 0, 1.17454889074773, 0, 0.21740931317434, 0, 0.200627084034797, 0.0167822293062345, 0.21740931317434, 0, 0, 0, 0, 0, 0.21740931317434, 0, 0, 0, 0, 0, 0, 0.21740931317434, 0, 0, 0, 0, 0, 0, 0, 0, 0, 0, 0, 0, 0, 0, 0, 0, 0, 0, 0, 0, 30.2215495416203, 0, 0, 0, 0, 0, 0
18, 35.3395776099542, 11.56721413617, 54.309763495149, 57.1210615131855, 33.6365822225044, 11.0558007497536, 53.0087037941108, 55.7986519680468, 0, 0, 0, 0, 0.292217682717033, 0.0473918486549204, 1.17454889074773, 0.142044151977166, 0.292217682717033, 0.0473918486549204, 0, 0, 1.17454889074773, 0, 0.292217682717033, 0, 0.256969658468076, 0.0352480244246693, 0.292217682717033, 0, 0, 0, 0, 0, 0.292217682717033, 0, 0, 0, 0, 0, 0, 0.292217682717033, 0, 0, 0, 0, 0, 0, 0, 0, 0, 0, 0, 0, 0, 0, 0, 0, 0, 0, 0, 0, 33.6365822225044, 0, 0, 0, 0, 0, 0
18.1666666666667, 45.2811288899803, 14.7853858375484, 54.309763495149, 57.1210615131855, 43.2989751917064, 14.2316931785733, 53.0087037941108, 55.7986519680468, 0, 0, 0, 0, 0.573545972675703, 0.0907435614608859, 1.17454889074773, 0.142044151977166, 0.573545972675703, 0.0907435614608859, 0, 0, 1.17454889074773, 0, 0.573545972675703, 0, 0.47545604664629, 0.098089926343071, 0.573545972675703, 0, 0, 0, 0, 0, 0.573545972675703, 0, 0, 0, 0, 0, 0, 0.573545972675703, 0, 0, 0, 0, 0, 0, 0, 0, 0, 0, 0, 0, 0, 0, 0, 0, 0, 0, 0, 0, 43.2989751917064, 0, 0, 0, 0, 0, 0
18.3333333333333, 45.3976978637989, 14.8131565846438, 54.309763495149, 57.1210615131855, 43.7080205753559, 14.3659300090776, 53.0087037941108, 55.7986519680468, 0, 0, 0, 0, 0.623215195444806, 0.0966298279234883, 1.17454889074773, 0.142044151977166, 0.623215195444806, 0.0966298279234883, 0, 0, 1.17454889074773, 0, 0.623215195444806, 0, 0.501159829201755, 0.122055366505648, 0.623215195444806, 0, 0, 0, 0, 0, 0.623215195444806, 0, 0, 0, 0, 0, 0, 0.623215195444806, 0, 0, 0, 0, 0, 0, 0, 0, 0, 0, 0, 0, 0, 0, 0, 0, 0, 0, 0, 0, 43.7080205753559, 0, 0, 0, 0, 0, 0
18.5, 45.3456187305152, 14.792122929953, 54.309763495149, 57.1210615131855, 43.493740578146, 14.2956662736541, 53.0087037941108, 55.7986519680468, 0, 0, 0, 0, 0.642726703891528, 0.0989969178811812, 1.17454889074773, 0.142044151977166, 0.642726703891528, 0.0989969178811812, 0, 0, 1.17454889074773, 0, 0.642726703891528, 0, 0.50273143050948, 0.139995273620018, 0.642726703891528, 0, 0, 0, 0, 0, 0.642726703891528, 0, 0, 0, 0, 0, 0, 0.642726703891528, 0, 0, 0, 0, 0, 0, 0, 0, 0, 0, 0, 0, 0, 0, 0, 0, 0, 0, 0, 0, 43.493740578146, 0, 0, 0, 0, 0, 0
18.6666666666667, 42.8810579057217, 14.024737051921, 54.309763495149, 57.1210615131855, 41.162363633547, 13.5294147014547, 53.0087037941108, 55.7986519680468, 0, 0, 0, 0, 0.439451002441558, 0.07488795835979, 1.17454889074773, 0.142044151977166, 0.439451002441558, 0.07488795835979, 0, 0, 1.17454889074773, 0, 0.439451002441558, 0, 0.406784307535767, 0.0326666952183786, 0.439451002441558, 0, 0, 0, 0, 0, 0.439451002441558, 0, 0, 0, 0, 0, 0, 0.439451002441558, 0, 0, 0, 0, 0, 0, 0, 0, 0, 0, 0, 0, 0, 0, 0, 0, 0, 0, 0, 0, 41.162363633547, 0, 0, 0, 0, 0, 0
18.8333333333333, 39.6022320323656, 12.9484979507237, 54.309763495149, 57.1210615131855, 38.525094155524, 12.6625796944425, 53.0087037941108, 55.7986519680468, 0, 0, 0, 0, 0.400775599457057, 0.0636005444651096, 1.17454889074773, 0.142044151977166, 0.400775599457057, 0.0636005444651096, 0, 0, 1.17454889074773, 0, 0.400775599457057, 0, 0.357315897132205, 0.0434597025818244, 0.400775599457057, 0, 0, 0, 0, 0, 0.400775599457057, 0, 0, 0, 0, 0, 0, 0.400775599457057, 0, 0, 0, 0, 0, 0, 0, 0, 0, 0, 0, 0, 0, 0, 0, 0, 0, 0, 0, 0, 38.525094155524, 0, 0, 0, 0, 0, 0
19, 38.9282080864989, 12.723299329232, 54.309763495149, 57.1210615131855, 37.7420001224944, 12.4053455622241, 53.0087037941108, 55.7986519680468, 0, 0, 0, 0, 0.409738529010364, 0.0625169416704692, 1.17454889074773, 0.142044151977166, 0.409738529010364, 0.0625169416704692, 0, 0, 1.17454889074773, 0, 0.409738529010364, 0, 0.341964959715765, 0.0677735694947761, 0.409738529010364, 0, 0, 0, 0, 0, 0.409738529010364, 0, 0, 0, 0, 0, 0, 0.409738529010364, 0, 0, 0, 0, 0, 0, 0, 0, 0, 0, 0, 0, 0, 0, 0, 0, 0, 0, 0, 0, 37.7420001224944, 0, 0, 0, 0, 0, 0
19.1666666666667, 35.9489190105972, 11.7631807640418, 54.309763495149, 57.1210615131855, 35.0586786975581, 11.5232271120206, 53.0087037941108, 55.7986519680468, 0, 0, 0, 0, 0.31607605815035, 0.0512543375160238, 1.17454889074773, 0.142044151977166, 0.31607605815035, 0.0512543375160238, 0, 0, 1.17454889074773, 0, 0.31607605815035, 0, 0.286505217140164, 0.0295708412438646, 0.31607605815035, 0, 0, 0, 0, 0, 0.31607605815035, 0, 0, 0, 0, 0, 0, 0.31607605815035, 0, 0, 0, 0, 0, 0, 0, 0, 0, 0, 0, 0, 0, 0, 0, 0, 0, 0, 0, 0, 35.0586786975581, 0, 0, 0, 0, 0, 0
19.3333333333333, 33.8254536317022, 11.0692016662757, 54.309763495149, 57.1210615131855, 32.9867087648502, 10.8421901964808, 53.0087037941108, 55.7986519680468, 0, 0, 0, 0, 0.301727994828921, 0.0508368138289721, 1.17454889074773, 0.142044151977166, 0.301727994828921, 0.0508368138289721, 0, 0, 1.17454889074773, 0, 0.301727994828921, 0, 0.278449057946423, 0.0232789371459212, 0.301727994828921, 0, 0, 0, 0, 0, 0.301727994828921, 0, 0, 0, 0, 0, 0, 0.301727994828921, 0, 0, 0, 0, 0, 0, 0, 0, 0, 0, 0, 0, 0, 0, 0, 0, 0, 0, 0, 0, 32.9867087648502, 0, 0, 0, 0, 0, 0
19.5, 36.9137853974674, 12.065962737135, 54.309763495149, 57.1210615131855, 36.1750311202839, 11.8901665420564, 53.0087037941108, 55.7986519680468, 0, 0, 0, 0, 0.408533750794314, 0.0672721573819807, 1.17454889074773, 0.142044151977166, 0.408533750794314, 0.0672721573819807, 0, 0, 1.17454889074773, 0, 0.408533750794314, 0, 0.368775222670585, 0.0397585284347911, 0.408533750794314, 0, 0, 0, 0, 0, 0.408533750794314, 0, 0, 0, 0, 0, 0, 0.408533750794314, 0, 0, 0, 0, 0, 0, 0, 0, 0, 0, 0, 0, 0, 0, 0, 0, 0, 0, 0, 0, 36.1750311202839, 0, 0, 0, 0, 0, 0
19.6666666666667, 37.8225588912258, 12.3537640757578, 54.309763495149, 57.1210615131855, 36.9842353908133, 12.15629021138, 53.0087037941108, 55.7986519680468, 0, 0, 0, 0, 0.464891053418885, 0.0748377195934121, 1.17454889074773, 0.142044151977166, 0.464891053418885, 0.0748377195934121, 0, 0, 1.17454889074773, 0, 0.464891053418885, 0, 0.401693786238534, 0.0631972675185521, 0.464891053418885, 0, 0, 0, 0, 0, 0.464891053418885, 0, 0, 0, 0, 0, 0, 0.464891053418885, 0, 0, 0, 0, 0, 0, 0, 0, 0, 0, 0, 0, 0, 0, 0, 0, 0, 0, 0, 0, 36.9842353908133, 0, 0, 0, 0, 0, 0
19.8333333333333, 30.0844566789717, 9.83557296176829, 54.309763495149, 57.1210615131855, 29.0453084896996, 9.54676291986022, 53.0087037941108, 55.7986519680468, 0, 0, 0, 0, 0.304830376150785, 0.0477411795493117, 1.17454889074773, 0.142044151977166, 0.304830376150785, 0.0477411795493117, 0, 0, 1.17454889074773, 0, 0.304830376150785, 0, 0.242602418475511, 0.0622279578426772, 0.304830376150785, 0, 0, 0, 0, 0, 0.304830376150785, 0, 0, 0, 0, 0, 0, 0.304830376150785, 0, 0, 0, 0, 0, 0, 0, 0, 0, 0, 0, 0, 0, 0, 0, 0, 0, 0, 0, 0, 29.0453084896996, 0, 0, 0, 0, 0, 0
20, 31.9720009510177, 10.4666976677829, 54.309763495149, 57.1210615131855, 31.0846068053618, 10.217004466033, 53.0087037941108, 55.7986519680468, 0, 0, 0, 0, 0.26251431163592, 0.0442887038960135, 1.17454889074773, 0.142044151977166, 0.26251431163592, 0.0442887038960135, 0, 0, 1.17454889074773, 0, 0.26251431163592, 0, 0.244786409015352, 0.0177279028101526, 0.26251431163592, 0, 0, 0, 0, 0, 0.26251431163592, 0, 0, 0, 0, 0, 0, 0.26251431163592, 0, 0, 0, 0, 0, 0, 0, 0, 0, 0, 0, 0, 0, 0, 0, 0, 0, 0, 0, 0, 31.0846068053618, 0, 0, 0, 0, 0, 0
20.1666666666667, 38.3517193271707, 12.5423042305072, 54.309763495149, 57.1210615131855, 37.5673435929125, 12.3476233186796, 53.0087037941108, 55.7986519680468, 0, 0, 0, 0, 0.390058427258414, 0.064565510798605, 1.17454889074773, 0.142044151977166, 0.390058427258414, 0.064565510798605, 0, 0, 1.17454889074773, 0, 0.390058427258414, 0, 0.356359213017148, 0.0336992145247629, 0.390058427258414, 0, 0, 0, 0, 0, 0.390058427258414, 0, 0, 0, 0, 0, 0, 0.390058427258414, 0, 0, 0, 0, 0, 0, 0, 0, 0, 0, 0, 0, 0, 0, 0, 0, 0, 0, 0, 0, 37.5673435929125, 0, 0, 0, 0, 0, 0
20.3333333333333, 34.6334489129769, 11.316962082275, 54.309763495149, 57.1210615131855, 33.2728696613965, 10.936299108161, 53.0087037941108, 55.7986519680468, 0, 0, 0, 0, 0.366675756218878, 0.0540081177465853, 1.17454889074773, 0.142044151977166, 0.366675756218878, 0.0540081177465853, 0, 0, 1.17454889074773, 0, 0.366675756218878, 0, 0.279570974614306, 0.0871047817242506, 0.366675756218878, 0, 0, 0, 0, 0, 0.366675756218878, 0, 0, 0, 0, 0, 0, 0.366675756218878, 0, 0, 0, 0, 0, 0, 0, 0, 0, 0, 0, 0, 0, 0, 0, 0, 0, 0, 0, 0, 33.2728696613965, 0, 0, 0, 0, 0, 0
20.5, 30.3720677925569, 9.93076410049801, 54.309763495149, 57.1210615131855, 29.5441838797481, 9.71072693667307, 53.0087037941108, 55.7986519680468, 0, 0, 0, 0, 0.285087268818467, 0.0417470914120274, 1.17454889074773, 0.142044151977166, 0.285087268818467, 0.0417470914120274, 0, 0, 1.17454889074773, 0, 0.285087268818467, 0, 0.217580111721683, 0.0675071571915211, 0.285087268818467, 0, 0, 0, 0, 0, 0.285087268818467, 0, 0, 0, 0, 0, 0, 0.285087268818467, 0, 0, 0, 0, 0, 0, 0, 0, 0, 0, 0, 0, 0, 0, 0, 0, 0, 0, 0, 0, 29.5441838797481, 0, 0, 0, 0, 0, 0
20.6666666666667, 32.6005808224397, 10.6497830740671, 54.309763495149, 57.1210615131855, 31.7682744733018, 10.4417585529674, 53.0087037941108, 55.7986519680468, 0, 0, 0, 0, 0.369911833367993, 0.0560460606194457, 1.17454889074773, 0.142044151977166, 0.369911833367993, 0.0560460606194457, 0, 0, 1.17454889074773, 0, 0.369911833367993, 0, 0.282243289389364, 0.0876685442374287, 0.369911833367993, 0, 0, 0, 0, 0, 0.369911833367993, 0, 0, 0, 0, 0, 0, 0.369911833367993, 0, 0, 0, 0, 0, 0, 0, 0, 0, 0, 0, 0, 0, 0, 0, 0, 0, 0, 0, 0, 31.7682744733018, 0, 0, 0, 0, 0, 0
20.8333333333333, 32.9612425757663, 10.7871085970223, 54.309763495149, 57.1210615131855, 32.1123353163485, 10.5548007296518, 53.0087037941108, 55.7986519680468, 0, 0, 0, 0, 0.279919954186086, 0.0452822077791191, 1.17454889074773, 0.142044151977166, 0.279919954186086, 0.0452822077791191, 0, 0, 1.17454889074773, 0, 0.279919954186086, 0, 0.24152369683203, 0.0383962575514586, 0.279919954186086, 0, 0, 0, 0, 0, 0.279919954186086, 0, 0, 0, 0, 0, 0, 0.279919954186086, 0, 0, 0, 0, 0, 0, 0, 0, 0, 0, 0, 0, 0, 0, 0, 0, 0, 0, 0, 0, 32.1123353163485, 0, 0, 0, 0, 0, 0
21, 29.519131714449, 9.66353908435129, 54.309763495149, 57.1210615131855, 28.6326820156281, 9.41118483951204, 53.0087037941108, 55.7986519680468, 0, 0, 0, 0, 0.234819793013833, 0.0382493404823433, 1.17454889074773, 0.142044151977166, 0.234819793013833, 0.0382493404823433, 0, 0, 1.17454889074773, 0, 0.234819793013833, 0, 0.20911115509643, 0.0257086381016478, 0.234819793013833, 0, 0, 0, 0, 0, 0.234819793013833, 0, 0, 0, 0, 0, 0, 0.234819793013833, 0, 0, 0, 0, 0, 0, 0, 0, 0, 0, 0, 0, 0, 0, 0, 0, 0, 0, 0, 0, 28.6326820156281, 0, 0, 0, 0, 0, 0
21.1666666666667, 32.7250660660325, 10.7149759834387, 54.309763495149, 57.1210615131855, 31.584945346172, 10.3814705385688, 53.0087037941108, 55.7986519680468, 0, 0, 0, 0, 0.254965007036639, 0.0425456263348897, 1.17454889074773, 0.142044151977166, 0.254965007036639, 0.0425456263348897, 0, 0, 1.17454889074773, 0, 0.254965007036639, 0, 0.235622295096134, 0.0193427121830191, 0.254965007036639, 0, 0, 0, 0, 0, 0.254965007036639, 0, 0, 0, 0, 0, 0, 0.254965007036639, 0, 0, 0, 0, 0, 0, 0, 0, 0, 0, 0, 0, 0, 0, 0, 0, 0, 0, 0, 0, 31.584945346172, 0, 0, 0, 0, 0, 0
21.3333333333333, 40.3311646400921, 13.1931363257363, 54.309763495149, 57.1210615131855, 39.1277429691306, 12.8605763942835, 53.0087037941108, 55.7986519680468, 0, 0, 0, 0, 0.37994129172167, 0.0619048276346857, 1.17454889074773, 0.142044151977166, 0.37994129172167, 0.0619048276346857, 0, 0, 1.17454889074773, 0, 0.37994129172167, 0, 0.34975148594805, 0.0301898061474017, 0.37994129172167, 0, 0, 0, 0, 0, 0.37994129172167, 0, 0, 0, 0, 0, 0, 0.37994129172167, 0, 0, 0, 0, 0, 0, 0, 0, 0, 0, 0, 0, 0, 0, 0, 0, 0, 0, 0, 0, 39.1277429691306, 0, 0, 0, 0, 0, 0
21.5, 30.1587063198109, 9.87962263268694, 54.309763495149, 57.1210615131855, 29.3913234139411, 9.66046582307356, 53.0087037941108, 55.7986519680468, 0, 0, 0, 0, 0.20080480575334, 0.0329718779433713, 1.17454889074773, 0.142044151977166, 0.20080480575334, 0.0329718779433713, 0, 0, 1.17454889074773, 0, 0.20080480575334, 0, 0.186265676716567, 0.0145391292185996, 0.20080480575334, 0, 0, 0, 0, 0, 0.20080480575334, 0, 0, 0, 0, 0, 0, 0.20080480575334, 0, 0, 0, 0, 0, 0, 0, 0, 0, 0, 0, 0, 0, 0, 0, 0, 0, 0, 0, 0, 29.3913234139411, 0, 0, 0, 0, 0, 0
21.6666666666667, 28.8348977708568, 9.44784766929272, 54.309763495149, 57.1210615131855, 28.1950967873935, 9.26724167919015, 53.0087037941108, 55.7986519680468, 0, 0, 0, 0, 0.184299837204463, 0.0308159471309842, 1.17454889074773, 0.142044151977166, 0.184299837204463, 0.0308159471309842, 0, 0, 1.17454889074773, 0, 0.184299837204463, 0, 0.174460884149113, 0.00983895321352593, 0.184299837204463, 0, 0, 0, 0, 0, 0.184299837204463, 0, 0, 0, 0, 0, 0, 0.184299837204463, 0, 0, 0, 0, 0, 0, 0, 0, 0, 0, 0, 0, 0, 0, 0, 0, 0, 0, 0, 0, 28.1950967873935, 0, 0, 0, 0, 0, 0
21.8333333333333, 37.1455462256134, 12.1421937360425, 54.309763495149, 57.1210615131855, 36.4080183323184, 11.9667449602484, 53.0087037941108, 55.7986519680468, 0, 0, 0, 0, 0.389735203583629, 0.0611410799081038, 1.17454889074773, 0.142044151977166, 0.389735203583629, 0.0611410799081038, 0, 0, 1.17454889074773, 0, 0.389735203583629, 0, 0.33517598920664, 0.0545592147608626, 0.389735203583629, 0, 0, 0, 0, 0, 0.389735203583629, 0, 0, 0, 0, 0, 0, 0.389735203583629, 0, 0, 0, 0, 0, 0, 0, 0, 0, 0, 0, 0, 0, 0, 0, 0, 0, 0, 0, 0, 36.4080183323184, 0, 0, 0, 0, 0, 0
22, 46.2890068934346, 15.1164627816406, 54.309763495149, 57.1210615131855, 45.2792981166871, 14.8825846050261, 53.0087037941108, 55.7986519680468, 0, 0, 0, 0, 0.598205749668877, 0.0986338839917705, 1.17454889074773, 0.142044151977166, 0.598205749668877, 0.0986338839917705, 0, 0, 1.17454889074773, 0, 0.598205749668877, 0, 0.53444697254571, 0.063758777613367, 0.598205749668877, 0, 0, 0, 0, 0, 0.598205749668877, 0, 0, 0, 0, 0, 0, 0.598205749668877, 0, 0, 0, 0, 0, 0, 0, 0, 0, 0, 0, 0, 0, 0, 0, 0, 0, 0, 0, 0, 45.2792981166871, 0, 0, 0, 0, 0, 0
22.1666666666667, 38.0669913308648, 12.4425920051977, 54.309763495149, 57.1210615131855, 37.3505378462055, 12.2765222502803, 53.0087037941108, 55.7986519680468, 0, 0, 0, 0, 0.417865883642575, 0.0679273907358286, 1.17454889074773, 0.142044151977166, 0.417865883642575, 0.0679273907358286, 0, 0, 1.17454889074773, 0, 0.417865883642575, 0, 0.361806661097291, 0.0560592228086368, 0.417865883642575, 0, 0, 0, 0, 0, 0.417865883642575, 0, 0, 0, 0, 0, 0, 0.417865883642575, 0, 0, 0, 0, 0, 0, 0, 0, 0, 0, 0, 0, 0, 0, 0, 0, 0, 0, 0, 0, 37.3505378462055, 0, 0, 0, 0, 0, 0
22.3333333333333, 26.9786706405399, 8.84384414889868, 54.309763495149, 57.1210615131855, 26.4013314709947, 8.677697836028, 53.0087037941108, 55.7986519680468, 0, 0, 0, 0, 0.146152384445795, 0.0244014021275583, 1.17454889074773, 0.142044151977166, 0.146152384445795, 0.0244014021275583, 0, 0, 1.17454889074773, 0, 0.146152384445795, 0, 0.137794778404226, 0.00835760616179104, 0.146152384445795, 0, 0, 0, 0, 0, 0.146152384445795, 0, 0, 0, 0, 0, 0, 0.146152384445795, 0, 0, 0, 0, 0, 0, 0, 0, 0, 0, 0, 0, 0, 0, 0, 0, 0, 0, 0, 0, 26.4013314709947, 0, 0, 0, 0, 0, 0
22.5, 28.9191356077, 9.47181468788281, 54.309763495149, 57.1210615131855, 28.1263262037485, 9.24467978761216, 53.0087037941108, 55.7986519680468, 0, 0, 0, 0, 0.194163436045263, 0.0303678188256599, 1.17454889074773, 0.142044151977166, 0.194163436045263, 0.0303678188256599, 0, 0, 1.17454889074773, 0, 0.194163436045263, 0, 0.164347501676988, 0.0298159344617116, 0.194163436045263, 0, 0, 0, 0, 0, 0.194163436045263, 0, 0, 0, 0, 0, 0, 0.194163436045263, 0, 0, 0, 0, 0, 0, 0, 0, 0, 0, 0, 0, 0, 0, 0, 0, 0, 0, 0, 0, 28.1263262037485, 0, 0, 0, 0, 0, 0
22.6666666666667, 33.0992397169037, 10.8266146465433, 54.309763495149, 57.1210615131855, 32.1917744634931, 10.5809470287098, 53.0087037941108, 55.7986519680468, 0, 0, 0, 0, 0.305873516701562, 0.0479571958249145, 1.17454889074773, 0.142044151977166, 0.305873516701562, 0.0479571958249145, 0, 0, 1.17454889074773, 0, 0.305873516701562, 0, 0.259281866592402, 0.0465916503635131, 0.305873516701562, 0, 0, 0, 0, 0, 0.305873516701562, 0, 0, 0, 0, 0, 0, 0.305873516701562, 0, 0, 0, 0, 0, 0, 0, 0, 0, 0, 0, 0, 0, 0, 0, 0, 0, 0, 0, 0, 32.1917744634931, 0, 0, 0, 0, 0, 0
22.8333333333333, 33.6208768275145, 10.9953513675795, 54.309763495149, 57.1210615131855, 32.8529885582447, 10.7982476416113, 53.0087037941108, 55.7986519680468, 0, 0, 0, 0, 0.325823884236036, 0.0518017698116427, 1.17454889074773, 0.142044151977166, 0.325823884236036, 0.0518017698116427, 0, 0, 1.17454889074773, 0, 0.325823884236036, 0, 0.280975200249957, 0.0448486841982554, 0.325823884236036, 0, 0, 0, 0, 0, 0.325823884236036, 0, 0, 0, 0, 0, 0, 0.325823884236036, 0, 0, 0, 0, 0, 0, 0, 0, 0, 0, 0, 0, 0, 0, 0, 0, 0, 0, 0, 0, 32.8529885582447, 0, 0, 0, 0, 0, 0
23, 23.4035911501895, 7.67097870738355, 54.309763495149, 57.1210615131855, 22.8474673718928, 7.50959889087466, 53.0087037941108, 55.7986519680468, 0, 0, 0, 0, 0.130314490173201, 0.0214105000967373, 1.17454889074773, 0.142044151977166, 0.130314490173201, 0.0214105000967373, 0, 0, 1.17454889074773, 0, 0.130314490173201, 0, 0.120462908747115, 0.00985158153100857, 0.130314490173201, 0, 0, 0, 0, 0, 0.130314490173201, 0, 0, 0, 0, 0, 0, 0.130314490173201, 0, 0, 0, 0, 0, 0, 0, 0, 0, 0, 0, 0, 0, 0, 0, 0, 0, 0, 0, 0, 22.8474673718928, 0, 0, 0, 0, 0, 0
23.1666666666667, 27.5030580471436, 8.97672107607416, 54.309763495149, 57.1210615131855, 26.7546969995629, 8.79388097813943, 53.0087037941108, 55.7986519680468, 0, 0, 0, 0, 0.321790505486849, 0.0426820585379032, 1.17454889074773, 0.142044151977166, 0.321790505486849, 0.0426820585379032, 0, 0, 1.17454889074773, 0, 0.321790505486849, 0, 0.215185300382598, 0.106605205334607, 0.321790505486849, 0, 0, 0, 0, 0, 0.321790505486849, 0, 0, 0, 0, 0, 0, 0.321790505486849, 0, 0, 0, 0, 0, 0, 0, 0, 0, 0, 0, 0, 0, 0, 0, 0, 0, 0, 0, 0, 26.7546969995629, 0, 0, 0, 0, 0, 0
23.3333333333333, 22.2835081078661, 7.31022308932508, 54.309763495149, 57.1210615131855, 19.5654202222559, 6.43082021117675, 53.0087037941108, 55.7986519680468, 0, 0, 0, 0, 0.0837351494753104, 0.0136000990579875, 1.17454889074773, 0.142044151977166, 0.0837351494753104, 0.0136000990579875, 0, 0, 1.17454889074773, 0, 0.0837351494753104, 0, 0.0756717837585153, 0.00806336577276654, 0.0837351494753104, 0, 0, 0, 0, 0, 0.0837351494753104, 0, 0, 0, 0, 0, 0, 0.0837351494753104, 0, 0, 0, 0, 0, 0, 0, 0, 0, 0, 0, 0, 0, 0, 0, 0, 0, 0, 0, 0, 19.5654202222559, 0, 0, 0, 0, 0, 0
23.5, 17.6377854719593, 5.7842339132887, 54.309763495149, 57.1210615131855, 17.3573086925433, 5.70510704666203, 53.0087037941108, 55.7986519680468, 0, 0, 0, 0, 0.0720549962577635, 0.0106216462627269, 1.17454889074773, 0.142044151977166, 0.0720549962577635, 0.0106216462627269, 0, 0, 1.17454889074773, 0, 0.0720549962577635, 0, 0.0574161289054762, 0.0146388673826073, 0.0720549962577635, 0, 0, 0, 0, 0, 0.0720549962577635, 0, 0, 0, 0, 0, 0, 0.0720549962577635, 0, 0, 0, 0, 0, 0, 0, 0, 0, 0, 0, 0, 0, 0, 0, 0, 0, 0, 0, 0, 17.3573086925433, 0, 0, 0, 0, 0, 0
23.6666666666667, 17.0086613836266, 5.57829476157821, 54.309763495149, 57.1210615131855, 16.730186897876, 5.49894151389958, 53.0087037941108, 55.7986519680468, 0, 0, 0, 0, 0.0698006783768161, 0.0107514872640623, 1.17454889074773, 0.142044151977166, 0.0698006783768161, 0.0107514872640623, 0, 0, 1.17454889074773, 0, 0.0698006783768161, 0, 0.0598641348853465, 0.00993654354104745, 0.0698006783768161, 0, 0, 0, 0, 0, 0.0698006783768161, 0, 0, 0, 0, 0, 0, 0.0698006783768161, 0, 0, 0, 0, 0, 0, 0, 0, 0, 0, 0, 0, 0, 0, 0, 0, 0, 0, 0, 0, 16.730186897876, 0, 0, 0, 0, 0, 0
23.8333333333333, 17.3694391718896, 5.69672966117474, 54.309763495149, 57.1210615131855, 17.0930058406994, 5.61819942425034, 53.0087037941108, 55.7986519680468, 0, 0, 0, 0, 0.0674621503635694, 0.009857765731571, 1.17454889074773, 0.142044151977166, 0.0674621503635694, 0.009857765731571, 0, 0, 1.17454889074773, 0, 0.0674621503635694, 0, 0.0555137085006026, 0.0119484419228705, 0.0674621503635694, 0, 0, 0, 0, 0, 0.0674621503635694, 0, 0, 0, 0, 0, 0, 0.0674621503635694, 0, 0, 0, 0, 0, 0, 0, 0, 0, 0, 0, 0, 0, 0, 0, 0, 0, 0, 0, 0, 17.0930058406994, 0, 0, 0, 0, 0, 0
24, 10.5827200481897, 3.47363915990147, 54.309763495149, 57.1210615131855, 10.515632550709, 3.45632446357845, 53.0087037941108, 55.7986519680468, 0, 0, 0, 0, 0.0279153665421745, 0.00446102355072804, 1.17454889074773, 0.142044151977166, 0.0279153665421745, 0.00446102355072804, 0, 0, 1.17454889074773, 0, 0.0279153665421745, 0, 0.0245691507944573, 0.00334621576684849, 0.0279153665421745, 0, 0, 0, 0, 0, 0.0279153665421745, 0, 0, 0, 0, 0, 0, 0.0279153665421745, 0, 0, 0, 0, 0, 0, 0, 0, 0, 0, 0, 0, 0, 0, 0, 0, 0, 0, 0, 0, 10.515632550709, 0, 0, 0, 0, 0, 0
