"Hour", "kWh", "kvarh", "Max kW", "Max kVA", "Zone kWh", "Zone kvarh", "Zone Max kW", "Zone Max kVA", "Overload kWh Normal", "Overload kWh Emerg", "Load EEN", "Load UE", "Zone Losses kWh", "Zone Losses kvarh", "Zone Max kW Losses", "Zone Max kvar Losses", "Load Losses kWh", "Load Losses kvarh", "No Load Losses kWh", "No Load Losses kvarh", "Max kW Load Losses", "Max kW No Load Losses", "Line Losses", "Transformer Losses", "Line Mode Line Losses", "Zero Mode Line Losses", "3-phase Line Losses", "1- and 2-phase Line Losses", "Gen kWh", "Gen kvarh", "Gen Max kW", "Gen Max kVA", "0.416 kV Losses", "Aux1", "Aux6", "Aux11", "Aux16", "Aux21", "Aux26", "0.416 kV Line Loss", "Aux2", "Aux7", "Aux12", "Aux17", "Aux22", "Aux27", "0.416 kV Load Loss", "Aux3", "Aux8", "Aux13", "Aux18", "Aux23", "Aux28", "0.416 kV No Load Loss", "Aux4", "Aux9", "Aux14", "Aux19", "Aux24", "Aux29", "0.416 kV Load Energy", "Aux5", "Aux10", "Aux15", "Aux20", "Aux25", "Aux30"
0.166666666666667, 7.22697904717207, 2.36969960650091, 7.22697904717207, 7.60557048309427, 7.15784858194335, 2.35265497397739, 7.15784858194335, 7.53457243303221, 0, 0, 0, 0, 0.0297022018775719, 0.00410528785704623, 0.0297022018775719, 0.00410528785704623, 0.0297022018775719, 0.00410528785704623, 0, 0, 0.0297022018775719, 0, 0.0297022018775719, 0, 0.0188400769800818, 0.0108621249019108, 0.0297022018775719, 0, 0, 0, 0, 0, 0.0297022018775719, 0, 0, 0, 0, 0, 0, 0.0297022018775719, 0, 0, 0, 0, 0, 0, 0, 0, 0, 0, 0, 0, 0, 0, 0, 0, 0, 0, 0, 0, 7.15784858194335, 0, 0, 0, 0, 0, 0
0.333333333333333, 5.23651435720796, 1.71984801646499, 7.22697904717207, 7.60557048309427, 5.18945833034024, 1.70568930971322, 7.15784858194335, 7.53457243303221, 0, 0, 0, 0, 0.007786527477364, 0.00126063722037881, 0.0297022018775719, 0.00410528785704623, 0.007786527477364, 0.00126063722037881, 0, 0, 0.0297022018775719, 0, 0.007786527477364, 0, 0.00686072301996879, 0.000925804463221547, 0.007786527477364, 0, 0, 0, 0, 0, 0.007786527477364, 0, 0, 0, 0, 0, 0, 0.007786527477364, 0, 0, 0, 0, 0, 0, 0, 0, 0, 0, 0, 0, 0, 0, 0, 0, 0, 0, 0, 0, 5.18945833034024, 0, 0, 0, 0, 0, 0
0.5, 6.74896776453037, 2.21616419937204, 7.22697904717207, 7.60557048309427, 6.69675051403206, 2.2011165512875, 7.15784858194335, 7.53457243303221, 0, 0, 0, 0, 0.013390841259936, 0.0020721345955097, 0.0297022018775719, 0.00410528785704623, 0.013390841259936, 0.0020721345955097, 0, 0, 0.0297022018775719, 0, 0.013390841259936, 0, 0.0112108311387479, 0.00218001013069854, 0.013390841259936, 0, 0, 0, 0, 0, 0.013390841259936, 0, 0, 0, 0, 0, 0, 0.013390841259936, 0, 0, 0, 0, 0, 0, 0, 0, 0, 0, 0, 0, 0, 0, 0, 0, 0, 0, 0, 0, 6.69675051403206, 0, 0, 0, 0, 0, 0
0.666666666666667, 6.50008928494904, 2.13436172363047, 7.22697904717207, 7.60557048309427, 6.44912056842514, 2.11975164686593, 7.15784858194335, 7.53457243303221, 0, 0, 0, 0, 0.0118101813551664, 0.00182469810054278, 0.0297022018775719, 0.00410528785704623, 0.0118101813551664, 0.00182469810054278, 0, 0, 0.0297022018775719, 0, 0.0118101813551664, 0, 0.00991473085610258, 0.00189545050627449, 0.0118101813551664, 0, 0, 0, 0, 0, 0.0118101813551664, 0, 0, 0, 0, 0, 0, 0.0118101813551664, 0, 0, 0, 0, 0, 0, 0, 0, 0, 0, 0, 0, 0, 0, 0, 0, 0, 0, 0, 0, 6.44912056842514, 0, 0, 0, 0, 0, 0
0.833333333333333, 7.13550883835342, 2.34291488092103, 7.22697904717207, 7.60557048309427, 6.91228189983539, 2.27193640130353, 7.15784858194335, 7.53457243303221, 0, 0, 0, 0, 0.0141244483533847, 0.00221378508258225, 0.0297022018775719, 0.00410528785704623, 0.0141244483533847, 0.00221378508258225, 0, 0, 0.0297022018775719, 0, 0.0141244483533847, 0, 0.0119512772510461, 0.00217317111305678, 0.0141244483533847, 0, 0, 0, 0, 0, 0.0141244483533847, 0, 0, 0, 0, 0, 0, 0.0141244483533847, 0, 0, 0, 0, 0, 0, 0, 0, 0, 0, 0, 0, 0, 0, 0, 0, 0, 0, 0, 0, 6.91228189983539, 0, 0, 0, 0, 0, 0
1, 9.0919442375961, 2.98474526431435, 9.0919442375961, 9.56933405793756, 8.86136262485693, 2.91257462303176, 8.86136262485693, 9.32774562817511, 0, 0, 0, 0, 0.0221403681714907, 0.00367714358608731, 0.0297022018775719, 0.00410528785704623, 0.0221403681714907, 0.00367714358608731, 0, 0, 0.0297022018775719, 0, 0.0221403681714907, 0, 0.0200914769995182, 0.00204889119046377, 0.0221403681714907, 0, 0, 0, 0, 0, 0.0221403681714907, 0, 0, 0, 0, 0, 0, 0.0221403681714907, 0, 0, 0, 0, 0, 0, 0, 0, 0, 0, 0, 0, 0, 0, 0, 0, 0, 0, 0, 0, 8.86136262485693, 0, 0, 0, 0, 0, 0
1.16666666666667, 6.80515681705972, 2.23432075099188, 9.0919442375961, 9.56933405793756, 6.45632804762116, 2.1221171687713, 8.86136262485693, 9.32774562817511, 0, 0, 0, 0, 0.0126522362322843, 0.00212679341167111, 0.0297022018775719, 0.00410528785704623, 0.0126522362322843, 0.00212679341167111, 0, 0, 0.0297022018775719, 0, 0.0126522362322843, 0, 0.011384986986455, 0.00126724925736919, 0.0126522362322843, 0, 0, 0, 0, 0, 0.0126522362322843, 0, 0, 0, 0, 0, 0, 0.0126522362322843, 0, 0, 0, 0, 0, 0, 0, 0, 0, 0, 0, 0, 0, 0, 0, 0, 0, 0, 0, 0, 6.45632804762116, 0, 0, 0, 0, 0, 0
1.33333333333333, 7.41303821851364, 2.4344429760495, 9.0919442375961, 9.56933405793756, 7.23361644778302, 2.37756221840548, 8.86136262485693, 9.32774562817511, 0, 0, 0, 0, 0.0141765066447836, 0.00242427792964555, 0.0297022018775719, 0.00410528785704623, 0.0141765066447836, 0.00242427792964555, 0, 0, 0.0297022018775719, 0, 0.0141765066447836, 0, 0.0134309119188462, 0.000745594737806749, 0.0141765066447836, 0, 0, 0, 0, 0, 0.0141765066447836, 0, 0, 0, 0, 0, 0, 0.0141765066447836, 0, 0, 0, 0, 0, 0, 0, 0, 0, 0, 0, 0, 0, 0, 0, 0, 0, 0, 0, 0, 7.23361644778302, 0, 0, 0, 0, 0, 0
1.5, 8.1077593706355, 2.66206131330325, 9.0919442375961, 9.56933405793756, 8.05105182757764, 2.64625344911052, 8.86136262485693, 9.32774562817511, 0, 0, 0, 0, 0.0179885241084569, 0.00292246446943844, 0.0297022018775719, 0.00410528785704623, 0.0179885241084569, 0.00292246446943844, 0, 0, 0.0297022018775719, 0, 0.0179885241084569, 0, 0.0158053941772552, 0.00218312994092766, 0.0179885241084569, 0, 0, 0, 0, 0, 0.0179885241084569, 0, 0, 0, 0, 0, 0, 0.0179885241084569, 0, 0, 0, 0, 0, 0, 0, 0, 0, 0, 0, 0, 0, 0, 0, 0, 0, 0, 0, 0, 8.05105182757764, 0, 0, 0, 0, 0, 0
1.66666666666667, 7.45666586970408, 2.44686929285247, 9.0919442375961, 9.56933405793756, 7.39536994140162, 2.43078487453046, 8.86136262485693, 9.32774562817511, 0, 0, 0, 0, 0.0223508793193899, 0.0032472709246333, 0.0297022018775719, 0.00410528785704623, 0.0223508793193899, 0.0032472709246333, 0, 0, 0.0297022018775719, 0, 0.0223508793193899, 0, 0.0159249637253145, 0.00642591559959397, 0.0223508793193899, 0, 0, 0, 0, 0, 0.0223508793193899, 0, 0, 0, 0, 0, 0, 0.0223508793193899, 0, 0, 0, 0, 0, 0, 0, 0, 0, 0, 0, 0, 0, 0, 0, 0, 0, 0, 0, 0, 7.39536994140162, 0, 0, 0, 0, 0, 0
1.83333333333333, 5.73316863835201, 1.88304198751521, 9.0919442375961, 9.56933405793756, 5.68582775593781, 1.86883967150955, 8.86136262485693, 9.32774562817511, 0, 0, 0, 0, 0.00810000736225757, 0.00130673257130326, 0.0297022018775719, 0.00410528785704623, 0.00810000736225757, 0.00130673257130326, 0, 0, 0.0297022018775719, 0, 0.00810000736225757, 0, 0.00727999139968762, 0.000820015967484354, 0.00810000736225757, 0, 0, 0, 0, 0, 0.00810000736225757, 0, 0, 0, 0, 0, 0, 0.00810000736225757, 0, 0, 0, 0, 0, 0, 0, 0, 0, 0, 0, 0, 0, 0, 0, 0, 0, 0, 0, 0, 5.68582775593781, 0, 0, 0, 0, 0, 0
2, 5.59534607916422, 1.8377045735445, 9.0919442375961, 9.56933405793756, 5.54757247898898, 1.82339857780518, 8.86136262485693, 9.32774562817511, 0, 0, 0, 0, 0.00859259174022118, 0.00141065672402617, 0.0297022018775719, 0.00410528785704623, 0.00859259174022118, 0.00141065672402617, 0, 0, 0.0297022018775719, 0, 0.00859259174022118, 0, 0.00769702301024006, 0.000895568734986518, 0.00859259174022118, 0, 0, 0, 0, 0, 0.00859259174022118, 0, 0, 0, 0, 0, 0, 0.00859259174022118, 0, 0, 0, 0, 0, 0, 0, 0, 0, 0, 0, 0, 0, 0, 0, 0, 0, 0, 0, 0, 5.54757247898898, 0, 0, 0, 0, 0, 0
2.16666666666667, 6.24006144120228, 2.04939438647875, 9.0919442375961, 9.56933405793756, 6.19076547055888, 2.03480512985767, 8.86136262485693, 9.32774562817511, 0, 0, 0, 0, 0.0101714214556146, 0.00176590053764766, 0.0297022018775719, 0.00410528785704623, 0.0101714214556146, 0.00176590053764766, 0, 0, 0.0297022018775719, 0, 0.0101714214556146, 0, 0.0097725948783718, 0.000398826585461004, 0.0101714214556146, 0, 0, 0, 0, 0, 0.0101714214556146, 0, 0, 0, 0, 0, 0, 0.0101714214556146, 0, 0, 0, 0, 0, 0, 0, 0, 0, 0, 0, 0, 0, 0, 0, 0, 0, 0, 0, 0, 6.19076547055888, 0, 0, 0, 0, 0, 0
2.33333333333333, 6.42261286129023, 2.10927556012261, 9.0919442375961, 9.56933405793756, 6.37263799369082, 2.09458518474882, 8.86136262485693, 9.32774562817511, 0, 0, 0, 0, 0.0108106443474485, 0.00182384885196402, 0.0297022018775719, 0.00410528785704623, 0.0108106443474485, 0.00182384885196402, 0, 0, 0.0297022018775719, 0, 0.0108106443474485, 0, 0.0101953286815553, 0.000615315674566103, 0.0108106443474485, 0, 0, 0, 0, 0, 0.0108106443474485, 0, 0, 0, 0, 0, 0, 0.0108106443474485, 0, 0, 0, 0, 0, 0, 0, 0, 0, 0, 0, 0, 0, 0, 0, 0, 0, 0, 0, 0, 6.37263799369082, 0, 0, 0, 0, 0, 0
2.5, 7.50984557034658, 2.46602023776816, 9.0919442375961, 9.56933405793756, 7.28636416490891, 2.39491453682424, 8.86136262485693, 9.32774562817511, 0, 0, 0, 0, 0.0144888817128517, 0.00246120787193871, 0.0297022018775719, 0.00410528785704623, 0.0144888817128517, 0.00246120787193871, 0, 0, 0.0297022018775719, 0, 0.0144888817128517, 0, 0.0136139279997107, 0.000874953726547593, 0.0144888817128517, 0, 0, 0, 0, 0, 0.0144888817128517, 0, 0, 0, 0, 0, 0, 0.0144888817128517, 0, 0, 0, 0, 0, 0, 0, 0, 0, 0, 0, 0, 0, 0, 0, 0, 0, 0, 0, 0, 7.28636416490891, 0, 0, 0, 0, 0, 0
2.66666666666667, 7.51434885028639, 2.4674073155109, 9.0919442375961, 9.56933405793756, 7.16400580622611, 2.35468989173304, 8.86136262485693, 9.32774562817511, 0, 0, 0, 0, 0.0153638960667879, 0.00254565119123537, 0.0297022018775719, 0.00410528785704623, 0.0153638960667879, 0.00254565119123537, 0, 0, 0.0297022018775719, 0, 0.0153638960667879, 0, 0.0138498107870659, 0.00151408528964527, 0.0153638960667879, 0, 0, 0, 0, 0, 0.0153638960667879, 0, 0, 0, 0, 0, 0, 0.0153638960667879, 0, 0, 0, 0, 0, 0, 0, 0, 0, 0, 0, 0, 0, 0, 0, 0, 0, 0, 0, 0, 7.16400580622611, 0, 0, 0, 0, 0, 0
2.83333333333333, 6.7098265451098, 2.20340541911385, 9.0919442375961, 9.56933405793756, 6.48875901417798, 2.13276947042553, 8.86136262485693, 9.32774562817511, 0, 0, 0, 0, 0.011614820894816, 0.00191298044224696, 0.0297022018775719, 0.00410528785704623, 0.011614820894816, 0.00191298044224696, 0, 0, 0.0297022018775719, 0, 0.011614820894816, 0, 0.0103246340123222, 0.00129018689041466, 0.011614820894816, 0, 0, 0, 0, 0, 0.011614820894816, 0, 0, 0, 0, 0, 0, 0.011614820894816, 0, 0, 0, 0, 0, 0, 0, 0, 0, 0, 0, 0, 0, 0, 0, 0, 0, 0, 0, 0, 6.48875901417798, 0, 0, 0, 0, 0, 0
3, 6.88241013482994, 2.2601600110556, 9.0919442375961, 9.56933405793756, 6.73329538853263, 2.21311653510133, 8.86136262485693, 9.32774562817511, 0, 0, 0, 0, 0.0119831938548754, 0.00189661301770781, 0.0297022018775719, 0.00410528785704623, 0.0119831938548754, 0.00189661301770781, 0, 0, 0.0297022018775719, 0, 0.0119831938548754, 0, 0.0102970705352205, 0.00168612332662682, 0.0119831938548754, 0, 0, 0, 0, 0, 0.0119831938548754, 0, 0, 0, 0, 0, 0, 0.0119831938548754, 0, 0, 0, 0, 0, 0, 0, 0, 0, 0, 0, 0, 0, 0, 0, 0, 0, 0, 0, 0, 6.73329538853263, 0, 0, 0, 0, 0, 0
3.16666666666667, 6.31844842526708, 2.07517051909508, 9.0919442375961, 9.56933405793756, 5.89301214941073, 1.93692045316718, 8.86136262485693, 9.32774562817511, 0, 0, 0, 0, 0.0105226899623801, 0.00166714981536329, 0.0297022018775719, 0.00410528785704623, 0.0105226899623801, 0.00166714981536329, 0, 0, 0.0297022018775719, 0, 0.0105226899623801, 0, 0.00919131780211574, 0.0013313721665465, 0.0105226899623801, 0, 0, 0, 0, 0, 0.0105226899623801, 0, 0, 0, 0, 0, 0, 0.0105226899623801, 0, 0, 0, 0, 0, 0, 0, 0, 0, 0, 0, 0, 0, 0, 0, 0, 0, 0, 0, 0, 5.89301214941073, 0, 0, 0, 0, 0, 0
3.33333333333333, 6.27194443751284, 2.05963657999842, 9.0919442375961, 9.56933405793756, 5.92274633194614, 1.94672996853764, 8.86136262485693, 9.32774562817511, 0, 0, 0, 0, 0.0108614760160085, 0.00175585733506044, 0.0297022018775719, 0.00410528785704623, 0.0108614760160085, 0.00175585733506044, 0, 0, 0.0297022018775719, 0, 0.0108614760160085, 0, 0.00942852625143812, 0.00143294977022573, 0.0108614760160085, 0, 0, 0, 0, 0, 0.0108614760160085, 0, 0, 0, 0, 0, 0, 0.0108614760160085, 0, 0, 0, 0, 0, 0, 0, 0, 0, 0, 0, 0, 0, 0, 0, 0, 0, 0, 0, 0, 5.92274633194614, 0, 0, 0, 0, 0, 0
3.5, 10.1217080242427, 3.31767485219632, 10.1217080242427, 10.6515698257541, 9.78822327146611, 3.21723899378364, 9.78822327146611, 10.3033946617216, 0, 0, 0, 0, 0.0493134512244108, 0.007004106122259, 0.0493134512244108, 0.007004106122259, 0.0493134512244108, 0.007004106122259, 0, 0, 0.0493134512244108, 0, 0.0493134512244108, 0, 0.0327725739094449, 0.0165408773532225, 0.0493134512244108, 0, 0, 0, 0, 0, 0.0493134512244108, 0, 0, 0, 0, 0, 0, 0.0493134512244108, 0, 0, 0, 0, 0, 0, 0, 0, 0, 0, 0, 0, 0, 0, 0, 0, 0, 0, 0, 0, 9.78822327146611, 0, 0, 0, 0, 0, 0
3.66666666666667, 10.3129176490129, 3.37932017804046, 10.3129176490129, 10.8524686270467, 9.99632452124454, 3.28555219281623, 9.99632452124454, 10.5224216388507, 0, 0, 0, 0, 0.0537204974591122, 0.00753844848981706, 0.0537204974591122, 0.00753844848981706, 0.0537204974591122, 0.00753844848981706, 0, 0, 0.0537204974591122, 0, 0.0537204974591122, 0, 0.0349411948058868, 0.0187793026988766, 0.0537204974591122, 0, 0, 0, 0, 0, 0.0537204974591122, 0, 0, 0, 0, 0, 0, 0.0537204974591122, 0, 0, 0, 0, 0, 0, 0, 0, 0, 0, 0, 0, 0, 0, 0, 0, 0, 0, 0, 0, 9.99632452124454, 0, 0, 0, 0, 0, 0
3.83333333333333, 6.7175028166594, 2.20589505874111, 10.3129176490129, 10.8524686270467, 6.44797095946673, 2.11934272417448, 9.99632452124454, 10.5224216388507, 0, 0, 0, 0, 0.0124045642320036, 0.00208760568923775, 0.0537204974591122, 0.00753844848981706, 0.0124045642320036, 0.00208760568923775, 0, 0, 0.0537204974591122, 0, 0.0124045642320036, 0, 0.0112280377646182, 0.00117652647945742, 0.0124045642320036, 0, 0, 0, 0, 0, 0.0124045642320036, 0, 0, 0, 0, 0, 0, 0.0124045642320036, 0, 0, 0, 0, 0, 0, 0, 0, 0, 0, 0, 0, 0, 0, 0, 0, 0, 0, 0, 0, 6.44797095946673, 0, 0, 0, 0, 0, 0
4, 7.38189169856092, 2.42406415190353, 10.3129176490129, 10.8524686270467, 6.85477928030435, 2.25303299394837, 9.99632452124454, 10.5224216388507, 0, 0, 0, 0, 0.013533964418399, 0.00218538355672126, 0.0537204974591122, 0.00753844848981706, 0.013533964418399, 0.00218538355672126, 0, 0, 0.0537204974591122, 0, 0.013533964418399, 0, 0.0119983449839024, 0.00153561944445542, 0.013533964418399, 0, 0, 0, 0, 0, 0.013533964418399, 0, 0, 0, 0, 0, 0, 0.013533964418399, 0, 0, 0, 0, 0, 0, 0, 0, 0, 0, 0, 0, 0, 0, 0, 0, 0, 0, 0, 0, 6.85477928030435, 0, 0, 0, 0, 0, 0
4.16666666666667, 7.80252832125426, 2.56222885964066, 10.3129176490129, 10.8524686270467, 7.45274232053767, 2.44957348341358, 9.99632452124454, 10.5224216388507, 0, 0, 0, 0, 0.0148096834237647, 0.00235971746269291, 0.0537204974591122, 0.00753844848981706, 0.0148096834237647, 0.00235971746269291, 0, 0, 0.0537204974591122, 0, 0.0148096834237647, 0, 0.0129309046122389, 0.00187877882007078, 0.0148096834237647, 0, 0, 0, 0, 0, 0.0148096834237647, 0, 0, 0, 0, 0, 0, 0.0148096834237647, 0, 0, 0, 0, 0, 0, 0, 0, 0, 0, 0, 0, 0, 0, 0, 0, 0, 0, 0, 0, 7.45274232053767, 0, 0, 0, 0, 0, 0
4.33333333333333, 7.54304539410074, 2.47718325129189, 10.3129176490129, 10.8524686270467, 7.19417726877959, 2.36460498331084, 9.99632452124454, 10.5224216388507, 0, 0, 0, 0, 0.0132253168063368, 0.00221966587176253, 0.0537204974591122, 0.00753844848981706, 0.0132253168063368, 0.00221966587176253, 0, 0, 0.0537204974591122, 0, 0.0132253168063368, 0, 0.0123698947565966, 0.000855422060271952, 0.0132253168063368, 0, 0, 0, 0, 0, 0.0132253168063368, 0, 0, 0, 0, 0, 0, 0.0132253168063368, 0, 0, 0, 0, 0, 0, 0, 0, 0, 0, 0, 0, 0, 0, 0, 0, 0, 0, 0, 0, 7.19417726877959, 0, 0, 0, 0, 0, 0
4.5, 6.28977484756957, 2.06544507540206, 10.3129176490129, 10.8524686270467, 6.23860511302112, 2.05054940501576, 9.99632452124454, 10.5224216388507, 0, 0, 0, 0, 0.0119132048311621, 0.00191171028182833, 0.0537204974591122, 0.00753844848981706, 0.0119132048311621, 0.00191171028182833, 0, 0, 0.0537204974591122, 0, 0.0119132048311621, 0, 0.0102346408659732, 0.00167856397149444, 0.0119132048311621, 0, 0, 0, 0, 0, 0.0119132048311621, 0, 0, 0, 0, 0, 0, 0.0119132048311621, 0, 0, 0, 0, 0, 0, 0, 0, 0, 0, 0, 0, 0, 0, 0, 0, 0, 0, 0, 0, 6.23860511302112, 0, 0, 0, 0, 0, 0
4.66666666666667, 7.22968516964344, 2.37389190299149, 10.3129176490129, 10.8524686270467, 7.17637326261835, 2.35877178729493, 9.99632452124454, 10.5224216388507, 0, 0, 0, 0, 0.0144067415743496, 0.00242621618545892, 0.0537204974591122, 0.00753844848981706, 0.0144067415743496, 0.00242621618545892, 0, 0, 0.0537204974591122, 0, 0.0144067415743496, 0, 0.0132801719588239, 0.00112656962469597, 0.0144067415743496, 0, 0, 0, 0, 0, 0.0144067415743496, 0, 0, 0, 0, 0, 0, 0.0144067415743496, 0, 0, 0, 0, 0, 0, 0, 0, 0, 0, 0, 0, 0, 0, 0, 0, 0, 0, 0, 0, 7.17637326261835, 0, 0, 0, 0, 0, 0
4.83333333333333, 6.4966999338369, 2.1334545915012, 10.3129176490129, 10.8524686270467, 6.44588569224554, 2.11867679126123, 9.99632452124454, 10.5224216388507, 0, 0, 0, 0, 0.0112152540403985, 0.00194180852335102, 0.0537204974591122, 0.00753844848981706, 0.0112152540403985, 0.00194180852335102, 0, 0, 0.0537204974591122, 0, 0.0112152540403985, 0, 0.0106880998317059, 0.000527154218003636, 0.0112152540403985, 0, 0, 0, 0, 0, 0.0112152540403985, 0, 0, 0, 0, 0, 0, 0.0112152540403985, 0, 0, 0, 0, 0, 0, 0, 0, 0, 0, 0, 0, 0, 0, 0, 0, 0, 0, 0, 0, 6.44588569224554, 0, 0, 0, 0, 0, 0
5, 7.23486737999013, 2.3754693451157, 10.3129176490129, 10.8524686270467, 7.18102630467589, 2.36029979724451, 9.99632452124454, 10.5224216388507, 0, 0, 0, 0, 0.01483678894824, 0.00244931978737936, 0.0537204974591122, 0.00753844848981706, 0.01483678894824, 0.00244931978737936, 0, 0, 0.0537204974591122, 0, 0.01483678894824, 0, 0.0132444908351554, 0.00159229812462704, 0.01483678894824, 0, 0, 0, 0, 0, 0.01483678894824, 0, 0, 0, 0, 0, 0, 0.01483678894824, 0, 0, 0, 0, 0, 0, 0, 0, 0, 0, 0, 0, 0, 0, 0, 0, 0, 0, 0, 0, 7.18102630467589, 0, 0, 0, 0, 0, 0
5.16666666666667, 7.46930620149908, 2.45246612508232, 10.3129176490129, 10.8524686270467, 7.28775461066003, 2.39537717853493, 9.99632452124454, 10.5224216388507, 0, 0, 0, 0, 0.0160314804997401, 0.00268155064795707, 0.0537204974591122, 0.00753844848981706, 0.0160314804997401, 0.00268155064795707, 0, 0, 0.0537204974591122, 0, 0.0160314804997401, 0, 0.0143920643863759, 0.00163941612676002, 0.0160314804997401, 0, 0, 0, 0, 0, 0.0160314804997401, 0, 0, 0, 0, 0, 0, 0.0160314804997401, 0, 0, 0, 0, 0, 0, 0, 0, 0, 0, 0, 0, 0, 0, 0, 0, 0, 0, 0, 0, 7.28775461066003, 0, 0, 0, 0, 0, 0
5.33333333333333, 6.41419308471401, 2.10661890278314, 10.3129176490129, 10.8524686270467, 6.23739319328397, 2.05013175292203, 9.99632452124454, 10.5224216388507, 0, 0, 0, 0, 0.0108702024561035, 0.00184438898088528, 0.0537204974591122, 0.00753844848981706, 0.0108702024561035, 0.00184438898088528, 0, 0, 0.0537204974591122, 0, 0.0108702024561035, 0, 0.0100897096714432, 0.00078049279405163, 0.0108702024561035, 0, 0, 0, 0, 0, 0.0108702024561035, 0, 0, 0, 0, 0, 0, 0.0108702024561035, 0, 0, 0, 0, 0, 0, 0, 0, 0, 0, 0, 0, 0, 0, 0, 0, 0, 0, 0, 0, 6.23739319328397, 0, 0, 0, 0, 0, 0
5.5, 7.12727291157248, 2.34074732840894, 10.3129176490129, 10.8524686270467, 7.0750181700652, 2.32544948374118, 9.99632452124454, 10.5224216388507, 0, 0, 0, 0, 0.0133408639128262, 0.00219021946534905, 0.0537204974591122, 0.00753844848981706, 0.0133408639128262, 0.00219021946534905, 0, 0, 0.0537204974591122, 0, 0.0133408639128262, 0, 0.0119493550628951, 0.00139150885852515, 0.0133408639128262, 0, 0, 0, 0, 0, 0.0133408639128262, 0, 0, 0, 0, 0, 0, 0.0133408639128262, 0, 0, 0, 0, 0, 0, 0, 0, 0, 0, 0, 0, 0, 0, 0, 0, 0, 0, 0, 0, 7.0750181700652, 0, 0, 0, 0, 0, 0
5.66666666666667, 7.34468322378063, 2.41136794112562, 10.3129176490129, 10.8524686270467, 7.28938604909594, 2.39592605619162, 9.99632452124454, 10.5224216388507, 0, 0, 0, 0, 0.0162989541683941, 0.00245899833593905, 0.0537204974591122, 0.00753844848981706, 0.0162989541683941, 0.00245899833593905, 0, 0, 0.0537204974591122, 0, 0.0162989541683941, 0, 0.0129327172727534, 0.00336623690287598, 0.0162989541683941, 0, 0, 0, 0, 0, 0.0162989541683941, 0, 0, 0, 0, 0, 0, 0.0162989541683941, 0, 0, 0, 0, 0, 0, 0, 0, 0, 0, 0, 0, 0, 0, 0, 0, 0, 0, 0, 0, 7.28938604909594, 0, 0, 0, 0, 0, 0
5.83333333333333, 8.07371589207165, 2.64973203008927, 10.3129176490129, 10.8524686270467, 8.01166778805042, 2.63328596291932, 9.99632452124454, 10.5224216388507, 0, 0, 0, 0, 0.0231318148480351, 0.00351420554297565, 0.0537204974591122, 0.00753844848981706, 0.0231318148480351, 0.00351420554297565, 0, 0, 0.0537204974591122, 0, 0.0231318148480351, 0, 0.018112790493661, 0.00501902436585407, 0.0231318148480351, 0, 0, 0, 0, 0, 0.0231318148480351, 0, 0, 0, 0, 0, 0, 0.0231318148480351, 0, 0, 0, 0, 0, 0, 0, 0, 0, 0, 0, 0, 0, 0, 0, 0, 0, 0, 0, 0, 8.01166778805042, 0, 0, 0, 0, 0, 0
6, 9.88674996455871, 3.24350111337936, 10.3129176490129, 10.8524686270467, 9.81245085327316, 3.22511159906474, 9.99632452124454, 10.5224216388507, 0, 0, 0, 0, 0.0350863973058726, 0.00550993203972455, 0.0537204974591122, 0.00753844848981706, 0.0350863973058726, 0.00550993203972455, 0, 0, 0.0537204974591122, 0, 0.0350863973058726, 0, 0.0282703364736063, 0.0068160608594603, 0.0350863973058726, 0, 0, 0, 0, 0, 0.0350863973058726, 0, 0, 0, 0, 0, 0, 0.0350863973058726, 0, 0, 0, 0, 0, 0, 0, 0, 0, 0, 0, 0, 0, 0, 0, 0, 0, 0, 0, 0, 9.81245085327316, 0, 0, 0, 0, 0, 0
6.16666666666667, 7.93397649427454, 2.60510194701052, 10.3129176490129, 10.8524686270467, 7.7517299453962, 2.54787160937525, 9.99632452124454, 10.5224216388507, 0, 0, 0, 0, 0.0167108670055254, 0.00285327553808558, 0.0537204974591122, 0.00753844848981706, 0.0167108670055254, 0.00285327553808558, 0, 0, 0.0537204974591122, 0, 0.0167108670055254, 0, 0.015687245553493, 0.00102362146691732, 0.0167108670055254, 0, 0, 0, 0, 0, 0.0167108670055254, 0, 0, 0, 0, 0, 0, 0.0167108670055254, 0, 0, 0, 0, 0, 0, 0, 0, 0, 0, 0, 0, 0, 0, 0, 0, 0, 0, 0, 0, 7.7517299453962, 0, 0, 0, 0, 0, 0
6.33333333333333, 7.40003384051175, 2.42961655748521, 10.3129176490129, 10.8524686270467, 7.21859957191672, 2.37265165671983, 9.99632452124454, 10.5224216388507, 0, 0, 0, 0, 0.0157113625989655, 0.00265462909257536, 0.0537204974591122, 0.00753844848981706, 0.0157113625989655, 0.00265462909257536, 0, 0, 0.0537204974591122, 0, 0.0157113625989655, 0, 0.0141195110113917, 0.00159185160173821, 0.0157113625989655, 0, 0, 0, 0, 0, 0.0157113625989655, 0, 0, 0, 0, 0, 0, 0.0157113625989655, 0, 0, 0, 0, 0, 0, 0, 0, 0, 0, 0, 0, 0, 0, 0, 0, 0, 0, 0, 0, 7.21859957191672, 0, 0, 0, 0, 0, 0
6.5, 11.0728793186199, 3.63270540341049, 11.0728793186199, 11.6535490282011, 10.7806220361576, 3.54337416557376, 10.7806220361576, 11.3480091630093, 0, 0, 0, 0, 0.0412423013334468, 0.00647843480810427, 0.0537204974591122, 0.00753844848981706, 0.0412423013334468, 0.00647843480810427, 0, 0, 0.0537204974591122, 0, 0.0412423013334468, 0, 0.0345282376978674, 0.00671406365914575, 0.0412423013334468, 0, 0, 0, 0, 0, 0.0412423013334468, 0, 0, 0, 0, 0, 0, 0.0412423013334468, 0, 0, 0, 0, 0, 0, 0, 0, 0, 0, 0, 0, 0, 0, 0, 0, 0, 0, 0, 0, 10.7806220361576, 0, 0, 0, 0, 0, 0
6.66666666666667, 12.0730979426765, 3.9590151152977, 12.0730979426765, 12.7056481383917, 11.7274643227585, 3.85463425249347, 11.7274643227585, 12.3447002661899, 0, 0, 0, 0, 0.0495043915779729, 0.00702378547719255, 0.0537204974591122, 0.00753844848981706, 0.0495043915779729, 0.00702378547719255, 0, 0, 0.0537204974591122, 0, 0.0495043915779729, 0, 0.0370994556724076, 0.0124049359459899, 0.0495043915779729, 0, 0, 0, 0, 0, 0.0495043915779729, 0, 0, 0, 0, 0, 0, 0.0495043915779729, 0, 0, 0, 0, 0, 0, 0, 0, 0, 0, 0, 0, 0, 0, 0, 0, 0, 0, 0, 0, 11.7274643227585, 0, 0, 0, 0, 0, 0
6.83333333333333, 20.730119575064, 6.75259884435885, 20.730119575064, 21.8021890815873, 20.3132375689921, 6.67668894300107, 20.3132375689921, 21.3823711448451, 0, 0, 0, 0, 0.291441507524714, 0.0346342997683705, 0.291441507524714, 0.0346342997683705, 0.291441507524714, 0.0346342997683705, 0, 0, 0.291441507524714, 0, 0.291441507524714, 0, 0.165770118564441, 0.125671388998471, 0.291441507524714, 0, 0, 0, 0, 0, 0.291441507524714, 0, 0, 0, 0, 0, 0, 0.291441507524714, 0, 0, 0, 0, 0, 0, 0, 0, 0, 0, 0, 0, 0, 0, 0, 0, 0, 0, 0, 0, 20.3132375689921, 0, 0, 0, 0, 0, 0
7, 20.0403834232472, 6.55811143995173, 20.730119575064, 21.8021890815873, 19.1851699885481, 6.30589844732674, 20.3132375689921, 21.3823711448451, 0, 0, 0, 0, 0.161436509279625, 0.0242287928488767, 0.291441507524714, 0.0346342997683705, 0.161436509279625, 0.0242287928488767, 0, 0, 0.291441507524714, 0, 0.161436509279625, 0, 0.124465004603432, 0.036971504835044, 0.161436509279625, 0, 0, 0, 0, 0, 0.161436509279625, 0, 0, 0, 0, 0, 0, 0.161436509279625, 0, 0, 0, 0, 0, 0, 0, 0, 0, 0, 0, 0, 0, 0, 0, 0, 0, 0, 0, 0, 19.1851699885481, 0, 0, 0, 0, 0, 0
7.16666666666667, 31.1595644138225, 10.1524169578444, 31.1595644138225, 32.7717870209283, 30.1839583048244, 9.92101614713264, 30.1839583048244, 31.772596688641, 0, 0, 0, 0, 0.482734708450837, 0.0693660046704022, 0.482734708450837, 0.0693660046704022, 0.482734708450837, 0.0693660046704022, 0, 0, 0.482734708450837, 0, 0.482734708450837, 0, 0.339031218872965, 0.143703489706689, 0.482734708450837, 0, 0, 0, 0, 0, 0.482734708450837, 0, 0, 0, 0, 0, 0, 0.482734708450837, 0, 0, 0, 0, 0, 0, 0, 0, 0, 0, 0, 0, 0, 0, 0, 0, 0, 0, 0, 0, 30.1839583048244, 0, 0, 0, 0, 0, 0
7.33333333333333, 24.2930651496536, 7.94726878936829, 31.1595644138225, 32.7717870209283, 21.4194948832249, 7.04023245302332, 30.1839583048244, 31.772596688641, 0, 0, 0, 0, 0.191964837456319, 0.0257854109268713, 0.482734708450837, 0.0693660046704022, 0.191964837456319, 0.0257854109268713, 0, 0, 0.482734708450837, 0, 0.191964837456319, 0, 0.128517030092437, 0.0634478074012188, 0.191964837456319, 0, 0, 0, 0, 0, 0.191964837456319, 0, 0, 0, 0, 0, 0, 0.191964837456319, 0, 0, 0, 0, 0, 0, 0, 0, 0, 0, 0, 0, 0, 0, 0, 0, 0, 0, 0, 0, 21.4194948832249, 0, 0, 0, 0, 0, 0
7.5, 16.5103161804565, 5.41743223285787, 31.1595644138225, 32.7717870209283, 13.8956728150532, 4.56728794407662, 30.1839583048244, 31.772596688641, 0, 0, 0, 0, 0.0554642885817962, 0.00914832893315231, 0.482734708450837, 0.0693660046704022, 0.0554642885817962, 0.00914832893315231, 0, 0, 0.482734708450837, 0, 0.0554642885817962, 0, 0.0516864513199922, 0.00377783730181118, 0.0554642885817962, 0, 0, 0, 0, 0, 0.0554642885817962, 0, 0, 0, 0, 0, 0, 0.0554642885817962, 0, 0, 0, 0, 0, 0, 0, 0, 0, 0, 0, 0, 0, 0, 0, 0, 0, 0, 0, 0, 13.8956728150532, 0, 0, 0, 0, 0, 0
7.66666666666667, 20.0510343325634, 6.57002189835808, 31.1595644138225, 32.7717870209283, 17.1995837922755, 5.65324418496942, 30.1839583048244, 31.772596688641, 0, 0, 0, 0, 0.108031854981711, 0.0152357060635448, 0.482734708450837, 0.0693660046704022, 0.108031854981711, 0.0152357060635448, 0, 0, 0.482734708450837, 0, 0.108031854981711, 0, 0.0814837566086392, 0.0265480984618447, 0.108031854981711, 0, 0, 0, 0, 0, 0.108031854981711, 0, 0, 0, 0, 0, 0, 0.108031854981711, 0, 0, 0, 0, 0, 0, 0, 0, 0, 0, 0, 0, 0, 0, 0, 0, 0, 0, 0, 0, 17.1995837922755, 0, 0, 0, 0, 0, 0
7.83333333333333, 20.4788945787258, 6.70952961577723, 31.1595644138225, 32.7717870209283, 19.7365515155392, 6.48711552152693, 30.1839583048244, 31.772596688641, 0, 0, 0, 0, 0.118719328647572, 0.0173729564872919, 0.482734708450837, 0.0693660046704022, 0.118719328647572, 0.0173729564872919, 0, 0, 0.482734708450837, 0, 0.118719328647572, 0, 0.0923494915884231, 0.0263698371693385, 0.118719328647572, 0, 0, 0, 0, 0, 0.118719328647572, 0, 0, 0, 0, 0, 0, 0.118719328647572, 0, 0, 0, 0, 0, 0, 0, 0, 0, 0, 0, 0, 0, 0, 0, 0, 0, 0, 0, 0, 19.7365515155392, 0, 0, 0, 0, 0, 0
8, 26.5152101816023, 8.67970085691865, 31.1595644138225, 32.7717870209283, 25.888801988909, 8.50924873752563, 30.1839583048244, 31.772596688641, 0, 0, 0, 0, 0.201052885862366, 0.0306195719165826, 0.482734708450837, 0.0693660046704022, 0.201052885862366, 0.0306195719165826, 0, 0, 0.482734708450837, 0, 0.201052885862366, 0, 0.162466064611124, 0.0385868213858019, 0.201052885862366, 0, 0, 0, 0, 0, 0.201052885862366, 0, 0, 0, 0, 0, 0, 0.201052885862366, 0, 0, 0, 0, 0, 0, 0, 0, 0, 0, 0, 0, 0, 0, 0, 0, 0, 0, 0, 0, 25.888801988909, 0, 0, 0, 0, 0, 0
8.16666666666667, 26.4253193647916, 8.64780917280595, 31.1595644138225, 32.7717870209283, 25.7361351067995, 8.4590653937851, 30.1839583048244, 31.772596688641, 0, 0, 0, 0, 0.220022782081534, 0.034571909693517, 0.482734708450837, 0.0693660046704022, 0.220022782081534, 0.034571909693517, 0, 0, 0.482734708450837, 0, 0.220022782081534, 0, 0.187742201957981, 0.0322805802986345, 0.220022782081534, 0, 0, 0, 0, 0, 0.220022782081534, 0, 0, 0, 0, 0, 0, 0.220022782081534, 0, 0, 0, 0, 0, 0, 0, 0, 0, 0, 0, 0, 0, 0, 0, 0, 0, 0, 0, 0, 25.7361351067995, 0, 0, 0, 0, 0, 0
8.33333333333333, 24.0506827518552, 7.87054183691395, 31.1595644138225, 32.7717870209283, 23.344280804125, 7.67290167343168, 30.1839583048244, 31.772596688641, 0, 0, 0, 0, 0.19276128479641, 0.0288187826538891, 0.482734708450837, 0.0693660046704022, 0.19276128479641, 0.0288187826538891, 0, 0, 0.482734708450837, 0, 0.19276128479641, 0, 0.157512732085785, 0.0352485528977466, 0.19276128479641, 0, 0, 0, 0, 0, 0.19276128479641, 0, 0, 0, 0, 0, 0, 0.19276128479641, 0, 0, 0, 0, 0, 0, 0, 0, 0, 0, 0, 0, 0, 0, 0, 0, 0, 0, 0, 0, 23.344280804125, 0, 0, 0, 0, 0, 0
8.5, 32.3718029694613, 10.5219381164368, 32.3718029694613, 34.0388720321304, 31.0763031331689, 10.21437779531, 31.0763031331689, 32.7119264209543, 0, 0, 0, 0, 0.584343688688659, 0.0738935893261361, 0.584343688688659, 0.0738935893261361, 0.584343688688659, 0.0738935893261361, 0, 0, 0.584343688688659, 0, 0.584343688688659, 0, 0.373528067642652, 0.210815621485887, 0.584343688688659, 0, 0, 0, 0, 0, 0.584343688688659, 0, 0, 0, 0, 0, 0, 0.584343688688659, 0, 0, 0, 0, 0, 0, 0, 0, 0, 0, 0, 0, 0, 0, 0, 0, 0, 0, 0, 0, 31.0763031331689, 0, 0, 0, 0, 0, 0
8.66666666666667, 23.3951820534007, 7.65955790678358, 32.3718029694613, 34.0388720321304, 22.2589543397553, 7.316140897149, 31.0763031331689, 32.7119264209543, 0, 0, 0, 0, 0.171029846024736, 0.0261690223647306, 0.584343688688659, 0.0738935893261361, 0.171029846024736, 0.0261690223647306, 0, 0, 0.584343688688659, 0, 0.171029846024736, 0, 0.141427454095128, 0.0296023920395589, 0.171029846024736, 0, 0, 0, 0, 0, 0.171029846024736, 0, 0, 0, 0, 0, 0, 0.171029846024736, 0, 0, 0, 0, 0, 0, 0, 0, 0, 0, 0, 0, 0, 0, 0, 0, 0, 0, 0, 0, 22.2589543397553, 0, 0, 0, 0, 0, 0
8.83333333333333, 27.0142103320681, 8.83037309327754, 32.3718029694613, 34.0388720321304, 25.5009280503986, 8.38176747502781, 31.0763031331689, 32.7119264209543, 0, 0, 0, 0, 0.271230443202566, 0.0403784224680006, 0.584343688688659, 0.0738935893261361, 0.271230443202566, 0.0403784224680006, 0, 0, 0.584343688688659, 0, 0.271230443202566, 0, 0.211582753605263, 0.0596476898555887, 0.271230443202566, 0, 0, 0, 0, 0, 0.271230443202566, 0, 0, 0, 0, 0, 0, 0.271230443202566, 0, 0, 0, 0, 0, 0, 0, 0, 0, 0, 0, 0, 0, 0, 0, 0, 0, 0, 0, 0, 25.5009280503986, 0, 0, 0, 0, 0, 0
9, 24.5544855700958, 8.03732410986498, 32.3718029694613, 34.0388720321304, 23.5682076488621, 7.74636758465452, 31.0763031331689, 32.7119264209543, 0, 0, 0, 0, 0.192978915859756, 0.0302726172483181, 0.584343688688659, 0.0738935893261361, 0.192978915859756, 0.0302726172483181, 0, 0, 0.584343688688659, 0, 0.192978915859756, 0, 0.165122267540194, 0.0278566484887185, 0.192978915859756, 0, 0, 0, 0, 0, 0.192978915859756, 0, 0, 0, 0, 0, 0, 0.192978915859756, 0, 0, 0, 0, 0, 0, 0, 0, 0, 0, 0, 0, 0, 0, 0, 0, 0, 0, 0, 0, 23.5682076488621, 0, 0, 0, 0, 0, 0
9.16666666666667, 30.3678194405001, 9.9106205526197, 32.3718029694613, 34.0388720321304, 29.3618546863484, 9.65079181426588, 31.0763031331689, 32.7119264209543, 0, 0, 0, 0, 0.381833509091043, 0.0547201452068313, 0.584343688688659, 0.0738935893261361, 0.381833509091043, 0.0547201452068313, 0, 0, 0.584343688688659, 0, 0.381833509091043, 0, 0.274453992961502, 0.107379516410647, 0.381833509091043, 0, 0, 0, 0, 0, 0.381833509091043, 0, 0, 0, 0, 0, 0, 0.381833509091043, 0, 0, 0, 0, 0, 0, 0, 0, 0, 0, 0, 0, 0, 0, 0, 0, 0, 0, 0, 0, 29.3618546863484, 0, 0, 0, 0, 0, 0
9.33333333333333, 33.1902935543197, 10.8112345114162, 33.1902935543197, 34.906709639878, 32.0536184303619, 10.5359584783704, 32.0536184303619, 33.740789491907, 0, 0, 0, 0, 0.510802961551679, 0.0695836736066927, 0.584343688688659, 0.0738935893261361, 0.510802961551679, 0.0695836736066927, 0, 0, 0.584343688688659, 0, 0.510802961551679, 0, 0.337774140978454, 0.173028820958074, 0.510802961551679, 0, 0, 0, 0, 0, 0.510802961551679, 0, 0, 0, 0, 0, 0, 0.510802961551679, 0, 0, 0, 0, 0, 0, 0, 0, 0, 0, 0, 0, 0, 0, 0, 0, 0, 0, 0, 0, 32.0536184303619, 0, 0, 0, 0, 0, 0
9.5, 37.6225324669511, 12.2194663317432, 37.6225324669511, 39.5571776882451, 35.0979745930076, 11.5361838312233, 35.0979745930076, 36.9452481101316, 0, 0, 0, 0, 0.711863837260233, 0.0875286599174085, 0.711863837260233, 0.0875286599174085, 0.711863837260233, 0.0875286599174085, 0, 0, 0.711863837260233, 0, 0.711863837260233, 0, 0.40670023117181, 0.305163606614892, 0.711863837260233, 0, 0, 0, 0, 0, 0.711863837260233, 0, 0, 0, 0, 0, 0, 0.711863837260233, 0, 0, 0, 0, 0, 0, 0, 0, 0, 0, 0, 0, 0, 0, 0, 0, 0, 0, 0, 0, 35.0979745930076, 0, 0, 0, 0, 0, 0
9.66666666666667, 23.3393690759226, 7.61615571798889, 37.6225324669511, 39.5571776882451, 22.4602698886139, 7.38228795488651, 35.0979745930076, 36.9452481101316, 0, 0, 0, 0, 0.280678168139713, 0.0371838409490823, 0.711863837260233, 0.0875286599174085, 0.280678168139713, 0.0371838409490823, 0, 0, 0.711863837260233, 0, 0.280678168139713, 0, 0.170393050889283, 0.110285117445246, 0.280678168139713, 0, 0, 0, 0, 0, 0.280678168139713, 0, 0, 0, 0, 0, 0, 0.280678168139713, 0, 0, 0, 0, 0, 0, 0, 0, 0, 0, 0, 0, 0, 0, 0, 0, 0, 0, 0, 0, 22.4602698886139, 0, 0, 0, 0, 0, 0
9.83333333333333, 31.5165581771038, 10.2994497433522, 37.6225324669511, 39.5571776882451, 30.5781170871409, 10.0505411487382, 35.0979745930076, 36.9452481101316, 0, 0, 0, 0, 0.34048981147533, 0.0523335339398321, 0.711863837260233, 0.0875286599174085, 0.34048981147533, 0.0523335339398321, 0, 0, 0.711863837260233, 0, 0.34048981147533, 0, 0.273200734920643, 0.0672890768903842, 0.34048981147533, 0, 0, 0, 0, 0, 0.34048981147533, 0, 0, 0, 0, 0, 0, 0.34048981147533, 0, 0, 0, 0, 0, 0, 0, 0, 0, 0, 0, 0, 0, 0, 0, 0, 0, 0, 0, 0, 30.5781170871409, 0, 0, 0, 0, 0, 0
10, 31.5000711266553, 10.3005023591488, 37.6225324669511, 39.5571776882451, 30.5466290061073, 10.0401655405844, 35.0979745930076, 36.9452481101316, 0, 0, 0, 0, 0.312484145908608, 0.0491714683071296, 0.711863837260233, 0.0875286599174085, 0.312484145908608, 0.0491714683071296, 0, 0, 0.711863837260233, 0, 0.312484145908608, 0, 0.270938977141318, 0.0415451690861947, 0.312484145908608, 0, 0, 0, 0, 0, 0.312484145908608, 0, 0, 0, 0, 0, 0, 0.312484145908608, 0, 0, 0, 0, 0, 0, 0, 0, 0, 0, 0, 0, 0, 0, 0, 0, 0, 0, 0, 0, 30.5466290061073, 0, 0, 0, 0, 0, 0
10.1666666666667, 24.6838192403978, 8.06700126304425, 37.6225324669511, 39.5571776882451, 23.8002475421617, 7.82277835295182, 35.0979745930076, 36.9452481101316, 0, 0, 0, 0, 0.240272214551357, 0.0328032851343055, 0.711863837260233, 0.0875286599174085, 0.240272214551357, 0.0328032851343055, 0, 0, 0.711863837260233, 0, 0.240272214551357, 0, 0.170124287262484, 0.0701479275265767, 0.240272214551357, 0, 0, 0, 0, 0, 0.240272214551357, 0, 0, 0, 0, 0, 0, 0.240272214551357, 0, 0, 0, 0, 0, 0, 0, 0, 0, 0, 0, 0, 0, 0, 0, 0, 0, 0, 0, 0, 23.8002475421617, 0, 0, 0, 0, 0, 0
10.3333333333333, 38.7447391283563, 12.4909320086539, 38.7447391283563, 40.7084535762438, 37.0961821630895, 12.1930465981688, 37.0961821630895, 39.0486506351018, 0, 0, 0, 0, 1.1739214654137, 0.141996826180542, 1.1739214654137, 0.141996826180542, 1.1739214654137, 0.141996826180542, 0, 0, 1.1739214654137, 0, 1.1739214654137, 0, 0.62836023355446, 0.545561232751028, 1.1739214654137, 0, 0, 0, 0, 0, 1.1739214654137, 0, 0, 0, 0, 0, 0, 1.1739214654137, 0, 0, 0, 0, 0, 0, 0, 0, 0, 0, 0, 0, 0, 0, 0, 0, 0, 0, 0, 0, 37.0961821630895, 0, 0, 0, 0, 0, 0
10.5, 27.2752251163308, 8.93310711486092, 38.7447391283563, 40.7084535762438, 24.2216162797385, 7.96124985707371, 37.0961821630895, 39.0486506351018, 0, 0, 0, 0, 0.183094363964514, 0.0283528709041749, 1.1739214654137, 0.141996826180542, 0.183094363964514, 0.0283528709041749, 0, 0, 1.1739214654137, 0, 0.183094363964514, 0, 0.16218984977446, 0.0209045143431696, 0.183094363964514, 0, 0, 0, 0, 0, 0.183094363964514, 0, 0, 0, 0, 0, 0, 0.183094363964514, 0, 0, 0, 0, 0, 0, 0, 0, 0, 0, 0, 0, 0, 0, 0, 0, 0, 0, 0, 0, 24.2216162797385, 0, 0, 0, 0, 0, 0
10.6666666666667, 22.3564775098278, 7.30465297534081, 38.7447391283563, 40.7084535762438, 21.7177133552804, 7.13829907032682, 37.0961821630895, 39.0486506351018, 0, 0, 0, 0, 0.231317110479856, 0.0324916765595795, 1.1739214654137, 0.141996826180542, 0.231317110479856, 0.0324916765595795, 0, 0, 1.1739214654137, 0, 0.231317110479856, 0, 0.15752322513461, 0.073793885528009, 0.231317110479856, 0, 0, 0, 0, 0, 0.231317110479856, 0, 0, 0, 0, 0, 0, 0.231317110479856, 0, 0, 0, 0, 0, 0, 0, 0, 0, 0, 0, 0, 0, 0, 0, 0, 0, 0, 0, 0, 21.7177133552804, 0, 0, 0, 0, 0, 0
10.8333333333333, 19.1425910937336, 6.26133571893581, 38.7447391283563, 40.7084535762438, 18.4430535286109, 6.06240360132049, 37.0961821630895, 39.0486506351018, 0, 0, 0, 0, 0.163847679089894, 0.022446190486133, 1.1739214654137, 0.141996826180542, 0.163847679089894, 0.022446190486133, 0, 0, 1.1739214654137, 0, 0.163847679089894, 0, 0.109888320230996, 0.0539593590077498, 0.163847679089894, 0, 0, 0, 0, 0, 0.163847679089894, 0, 0, 0, 0, 0, 0, 0.163847679089894, 0, 0, 0, 0, 0, 0, 0, 0, 0, 0, 0, 0, 0, 0, 0, 0, 0, 0, 0, 0, 18.4430535286109, 0, 0, 0, 0, 0, 0
11, 14.2080254119551, 4.65908620991176, 38.7447391283563, 40.7084535762438, 13.6124134921207, 4.47420186243464, 37.0961821630895, 39.0486506351018, 0, 0, 0, 0, 0.0624066275802833, 0.00954694883479021, 1.1739214654137, 0.141996826180542, 0.0624066275802833, 0.00954694883479021, 0, 0, 1.1739214654137, 0, 0.0624066275802833, 0, 0.0519725520001639, 0.0104340756363289, 0.0624066275802833, 0, 0, 0, 0, 0, 0.0624066275802833, 0, 0, 0, 0, 0, 0, 0.0624066275802833, 0, 0, 0, 0, 0, 0, 0, 0, 0, 0, 0, 0, 0, 0, 0, 0, 0, 0, 0, 0, 13.6124134921207, 0, 0, 0, 0, 0, 0
11.1666666666667, 26.3226344498639, 8.55088922141531, 38.7447391283563, 40.7084535762438, 25.4344749580521, 8.35998808144991, 37.0961821630895, 39.0486506351018, 0, 0, 0, 0, 0.484325680316701, 0.0581644261430045, 1.1739214654137, 0.141996826180542, 0.484325680316701, 0.0581644261430045, 0, 0, 1.1739214654137, 0, 0.484325680316701, 0, 0.279603029869434, 0.204722650507993, 0.484325680316701, 0, 0, 0, 0, 0, 0.484325680316701, 0, 0, 0, 0, 0, 0, 0.484325680316701, 0, 0, 0, 0, 0, 0, 0, 0, 0, 0, 0, 0, 0, 0, 0, 0, 0, 0, 0, 0, 25.4344749580521, 0, 0, 0, 0, 0, 0
11.3333333333333, 19.3889188436498, 6.34538952336024, 38.7447391283563, 40.7084535762438, 18.665787832496, 6.13517609472289, 37.0961821630895, 39.0486506351018, 0, 0, 0, 0, 0.148079521492026, 0.0212365785804937, 1.1739214654137, 0.141996826180542, 0.148079521492026, 0.0212365785804937, 0, 0, 1.1739214654137, 0, 0.148079521492026, 0, 0.105230471272696, 0.0428490502707907, 0.148079521492026, 0, 0, 0, 0, 0, 0.148079521492026, 0, 0, 0, 0, 0, 0, 0.148079521492026, 0, 0, 0, 0, 0, 0, 0, 0, 0, 0, 0, 0, 0, 0, 0, 0, 0, 0, 0, 0, 18.665787832496, 0, 0, 0, 0, 0, 0
11.5, 20.7201744122259, 6.77966992368547, 38.7447391283563, 40.7084535762438, 19.9845894087613, 6.56830433370107, 37.0961821630895, 39.0486506351018, 0, 0, 0, 0, 0.161894232370396, 0.0225008627538315, 1.1739214654137, 0.141996826180542, 0.161894232370396, 0.0225008627538315, 0, 0, 1.1739214654137, 0, 0.161894232370396, 0, 0.112461608241721, 0.0494326241693844, 0.161894232370396, 0, 0, 0, 0, 0, 0.161894232370396, 0, 0, 0, 0, 0, 0, 0.161894232370396, 0, 0, 0, 0, 0, 0, 0, 0, 0, 0, 0, 0, 0, 0, 0, 0, 0, 0, 0, 0, 19.9845894087613, 0, 0, 0, 0, 0, 0
11.6666666666667, 24.5039756363658, 8.01255490290926, 38.7447391283563, 40.7084535762438, 23.8860927919307, 7.85093192351777, 37.0961821630895, 39.0486506351018, 0, 0, 0, 0, 0.214191778055962, 0.0287612052035821, 1.1739214654137, 0.141996826180542, 0.214191778055962, 0.0287612052035821, 0, 0, 1.1739214654137, 0, 0.214191778055962, 0, 0.148513822894955, 0.0656779552143097, 0.214191778055962, 0, 0, 0, 0, 0, 0.214191778055962, 0, 0, 0, 0, 0, 0, 0.214191778055962, 0, 0, 0, 0, 0, 0, 0, 0, 0, 0, 0, 0, 0, 0, 0, 0, 0, 0, 0, 0, 23.8860927919307, 0, 0, 0, 0, 0, 0
11.8333333333333, 33.0728827210987, 10.8206801424985, 38.7447391283563, 40.7084535762438, 32.7319496752237, 10.7584715679894, 37.0961821630895, 39.0486506351018, 0, 0, 0, 0, 0.301859160700957, 0.0493631327637068, 1.1739214654137, 0.141996826180542, 0.301859160700957, 0.0493631327637068, 0, 0, 1.1739214654137, 0, 0.301859160700957, 0, 0.273421860370503, 0.0284373005872418, 0.301859160700957, 0, 0, 0, 0, 0, 0.301859160700957, 0, 0, 0, 0, 0, 0, 0.301859160700957, 0, 0, 0, 0, 0, 0, 0, 0, 0, 0, 0, 0, 0, 0, 0, 0, 0, 0, 0, 0, 32.7319496752237, 0, 0, 0, 0, 0, 0
12, 39.0029677943243, 12.7474265335528, 39.0029677943243, 41.0332594366256, 38.5223263681224, 12.6615340243598, 38.5223263681224, 40.5497727818808, 0, 0, 0, 0, 0.442021086934179, 0.0727857563128218, 1.1739214654137, 0.141996826180542, 0.442021086934179, 0.0727857563128218, 0, 0, 1.1739214654137, 0, 0.442021086934179, 0, 0.398253347815583, 0.0437677394869093, 0.442021086934179, 0, 0, 0, 0, 0, 0.442021086934179, 0, 0, 0, 0, 0, 0, 0.442021086934179, 0, 0, 0, 0, 0, 0, 0, 0, 0, 0, 0, 0, 0, 0, 0, 0, 0, 0, 0, 0, 38.5223263681224, 0, 0, 0, 0, 0, 0
12.1666666666667, 33.8224451688991, 11.0280881266231, 39.0029677943243, 41.0332594366256, 33.3149829342981, 10.9501440228541, 38.5223263681224, 40.5497727818808, 0, 0, 0, 0, 0.468633140987012, 0.0651935013033654, 1.1739214654137, 0.141996826180542, 0.468633140987012, 0.0651935013033654, 0, 0, 1.1739214654137, 0, 0.468633140987012, 0, 0.337375925062097, 0.13125721607525, 0.468633140987012, 0, 0, 0, 0, 0, 0.468633140987012, 0, 0, 0, 0, 0, 0, 0.468633140987012, 0, 0, 0, 0, 0, 0, 0, 0, 0, 0, 0, 0, 0, 0, 0, 0, 0, 0, 0, 0, 33.3149829342981, 0, 0, 0, 0, 0, 0
12.3333333333333, 27.1226094189049, 8.85307218973622, 39.0029677943243, 41.0332594366256, 26.7719156807528, 8.7995184759392, 38.5223263681224, 40.5497727818808, 0, 0, 0, 0, 0.311712458000731, 0.0407448521772495, 1.1739214654137, 0.141996826180542, 0.311712458000731, 0.0407448521772495, 0, 0, 1.1739214654137, 0, 0.311712458000731, 0, 0.212224505071268, 0.09948795303445, 0.311712458000731, 0, 0, 0, 0, 0, 0.311712458000731, 0, 0, 0, 0, 0, 0, 0.311712458000731, 0, 0, 0, 0, 0, 0, 0, 0, 0, 0, 0, 0, 0, 0, 0, 0, 0, 0, 0, 0, 26.7719156807528, 0, 0, 0, 0, 0, 0
12.5, 15.9199395554359, 5.21741342518821, 39.0029677943243, 41.0332594366256, 15.6332323096026, 5.1383695343476, 38.5223263681224, 40.5497727818808, 0, 0, 0, 0, 0.0782609982560292, 0.0105068512965343, 1.1739214654137, 0.141996826180542, 0.0782609982560292, 0.0105068512965343, 0, 0, 1.1739214654137, 0, 0.0782609982560292, 0, 0.0570688757085844, 0.0211921225752146, 0.0782609982560292, 0, 0, 0, 0, 0, 0.0782609982560292, 0, 0, 0, 0, 0, 0, 0.0782609982560292, 0, 0, 0, 0, 0, 0, 0, 0, 0, 0, 0, 0, 0, 0, 0, 0, 0, 0, 0, 0, 15.6332323096026, 0, 0, 0, 0, 0, 0
12.6666666666667, 10.7001056356305, 3.51207765876412, 39.0029677943243, 41.0332594366256, 10.4617883064666, 3.43861648183799, 38.5223263681224, 40.5497727818808, 0, 0, 0, 0, 0.0294479372049553, 0.00479525427209855, 1.1739214654137, 0.141996826180542, 0.0294479372049553, 0.00479525427209855, 0, 0, 1.1739214654137, 0, 0.0294479372049553, 0, 0.0265389088272671, 0.00290902839521281, 0.0294479372049553, 0, 0, 0, 0, 0, 0.0294479372049553, 0, 0, 0, 0, 0, 0, 0.0294479372049553, 0, 0, 0, 0, 0, 0, 0, 0, 0, 0, 0, 0, 0, 0, 0, 0, 0, 0, 0, 0, 10.4617883064666, 0, 0, 0, 0, 0, 0
12.8333333333333, 15.3875929316408, 5.03650998797814, 39.0029677943243, 41.0332594366256, 15.2376127793611, 5.00836722860683, 38.5223263681224, 40.5497727818808, 0, 0, 0, 0, 0.11077167975969, 0.0152232843736988, 1.1739214654137, 0.141996826180542, 0.11077167975969, 0.0152232843736988, 0, 0, 1.1739214654137, 0, 0.11077167975969, 0, 0.0758530354754999, 0.034918644368987, 0.11077167975969, 0, 0, 0, 0, 0, 0.11077167975969, 0, 0, 0, 0, 0, 0, 0.11077167975969, 0, 0, 0, 0, 0, 0, 0, 0, 0, 0, 0, 0, 0, 0, 0, 0, 0, 0, 0, 0, 15.2376127793611, 0, 0, 0, 0, 0, 0
13, 11.8569446465324, 3.88429503002048, 39.0029677943243, 41.0332594366256, 11.7508918351036, 3.86234185316024, 38.5223263681224, 40.5497727818808, 0, 0, 0, 0, 0.0664916232335298, 0.00935546979037879, 1.1739214654137, 0.141996826180542, 0.0664916232335298, 0.00935546979037879, 0, 0, 1.1739214654137, 0, 0.0664916232335298, 0, 0.0478190501757151, 0.0186725731082131, 0.0664916232335298, 0, 0, 0, 0, 0, 0.0664916232335298, 0, 0, 0, 0, 0, 0, 0.0664916232335298, 0, 0, 0, 0, 0, 0, 0, 0, 0, 0, 0, 0, 0, 0, 0, 0, 0, 0, 0, 0, 11.7508918351036, 0, 0, 0, 0, 0, 0
13.1666666666667, 13.4936295814335, 4.42307629049631, 39.0029677943243, 41.0332594366256, 13.3873443232706, 4.40023378030313, 38.5223263681224, 40.5497727818808, 0, 0, 0, 0, 0.0676814108372348, 0.0101710187661899, 1.1739214654137, 0.141996826180542, 0.0676814108372348, 0.0101710187661899, 0, 0, 1.1739214654137, 0, 0.0676814108372348, 0, 0.0543383518270914, 0.0133430590618483, 0.0676814108372348, 0, 0, 0, 0, 0, 0.0676814108372348, 0, 0, 0, 0, 0, 0, 0.0676814108372348, 0, 0, 0, 0, 0, 0, 0, 0, 0, 0, 0, 0, 0, 0, 0, 0, 0, 0, 0, 0, 13.3873443232706, 0, 0, 0, 0, 0, 0
13.3333333333333, 23.1647722482218, 7.53104819718516, 39.0029677943243, 41.0332594366256, 22.7233421485014, 7.46884517352369, 38.5223263681224, 40.5497727818808, 0, 0, 0, 0, 0.40255590187485, 0.0493951124616526, 1.1739214654137, 0.141996826180542, 0.40255590187485, 0.0493951124616526, 0, 0, 1.1739214654137, 0, 0.40255590187485, 0, 0.237505053517536, 0.165050848430609, 0.40255590187485, 0, 0, 0, 0, 0, 0.40255590187485, 0, 0, 0, 0, 0, 0, 0.40255590187485, 0, 0, 0, 0, 0, 0, 0, 0, 0, 0, 0, 0, 0, 0, 0, 0, 0, 0, 0, 0, 22.7233421485014, 0, 0, 0, 0, 0, 0
13.5, 10.6257285820723, 3.48577903802837, 39.0029677943243, 41.0332594366256, 10.4206598007682, 3.42509357175744, 38.5223263681224, 40.5497727818808, 0, 0, 0, 0, 0.0395441081952533, 0.00635366515755843, 1.1739214654137, 0.141996826180542, 0.0395441081952533, 0.00635366515755843, 0, 0, 1.1739214654137, 0, 0.0395441081952533, 0, 0.0333981632849209, 0.00614594493995448, 0.0395441081952533, 0, 0, 0, 0, 0, 0.0395441081952533, 0, 0, 0, 0, 0, 0, 0.0395441081952533, 0, 0, 0, 0, 0, 0, 0, 0, 0, 0, 0, 0, 0, 0, 0, 0, 0, 0, 0, 0, 10.4206598007682, 0, 0, 0, 0, 0, 0
13.6666666666667, 18.1304461779342, 5.93473260239959, 39.0029677943243, 41.0332594366256, 17.8298243020389, 5.86039446466987, 38.5223263681224, 40.5497727818808, 0, 0, 0, 0, 0.134974339206962, 0.0199307627861319, 1.1739214654137, 0.141996826180542, 0.134974339206962, 0.0199307627861319, 0, 0, 1.1739214654137, 0, 0.134974339206962, 0, 0.102414117048721, 0.0325602222875109, 0.134974339206962, 0, 0, 0, 0, 0, 0.134974339206962, 0, 0, 0, 0, 0, 0, 0.134974339206962, 0, 0, 0, 0, 0, 0, 0, 0, 0, 0, 0, 0, 0, 0, 0, 0, 0, 0, 0, 0, 17.8298243020389, 0, 0, 0, 0, 0, 0
13.8333333333333, 12.9157934464321, 4.23495746987751, 39.0029677943243, 41.0332594366256, 12.6496110145914, 4.15774438067795, 38.5223263681224, 40.5497727818808, 0, 0, 0, 0, 0.0573061236812865, 0.00848187249725076, 1.1739214654137, 0.141996826180542, 0.0573061236812865, 0.00848187249725076, 0, 0, 1.1739214654137, 0, 0.0573061236812865, 0, 0.045566240640881, 0.0117398830868605, 0.0573061236812865, 0, 0, 0, 0, 0, 0.0573061236812865, 0, 0, 0, 0, 0, 0, 0.0573061236812865, 0, 0, 0, 0, 0, 0, 0, 0, 0, 0, 0, 0, 0, 0, 0, 0, 0, 0, 0, 0, 12.6496110145914, 0, 0, 0, 0, 0, 0
14, 13.6099636491612, 4.4660540255037, 39.0029677943243, 41.0332594366256, 13.3579627834873, 4.39055491719839, 38.5223263681224, 40.5497727818808, 0, 0, 0, 0, 0.0433911213351404, 0.00695107428762823, 1.1739214654137, 0.141996826180542, 0.0433911213351404, 0.00695107428762823, 0, 0, 1.1739214654137, 0, 0.0433911213351404, 0, 0.0395011382453479, 0.00388998311766623, 0.0433911213351404, 0, 0, 0, 0, 0, 0.0433911213351404, 0, 0, 0, 0, 0, 0, 0.0433911213351404, 0, 0, 0, 0, 0, 0, 0, 0, 0, 0, 0, 0, 0, 0, 0, 0, 0, 0, 0, 0, 13.3579627834873, 0, 0, 0, 0, 0, 0
14.1666666666667, 20.6227649214335, 6.75526118614397, 39.0029677943243, 41.0332594366256, 20.4480714504341, 6.72095976481092, 38.5223263681224, 40.5497727818808, 0, 0, 0, 0, 0.135540735561503, 0.0214404107836199, 1.1739214654137, 0.141996826180542, 0.135540735561503, 0.0214404107836199, 0, 0, 1.1739214654137, 0, 0.135540735561503, 0, 0.114245575318384, 0.0212951603674724, 0.135540735561503, 0, 0, 0, 0, 0, 0.135540735561503, 0, 0, 0, 0, 0, 0, 0.135540735561503, 0, 0, 0, 0, 0, 0, 0, 0, 0, 0, 0, 0, 0, 0, 0, 0, 0, 0, 0, 0, 20.4480714504341, 0, 0, 0, 0, 0, 0
14.3333333333333, 22.7540774710883, 7.44628668600729, 39.0029677943243, 41.0332594366256, 22.5231998010757, 7.40311013706238, 38.5223263681224, 40.5497727818808, 0, 0, 0, 0, 0.191561567982537, 0.0303013059171979, 1.1739214654137, 0.141996826180542, 0.191561567982537, 0.0303013059171979, 0, 0, 1.1739214654137, 0, 0.191561567982537, 0, 0.15994070814078, 0.031620860035941, 0.191561567982537, 0, 0, 0, 0, 0, 0.191561567982537, 0, 0, 0, 0, 0, 0, 0.191561567982537, 0, 0, 0, 0, 0, 0, 0, 0, 0, 0, 0, 0, 0, 0, 0, 0, 0, 0, 0, 0, 22.5231998010757, 0, 0, 0, 0, 0, 0
14.5, 19.6557906989958, 6.43547046502271, 39.0029677943243, 41.0332594366256, 19.4733309932332, 6.40057655431245, 38.5223263681224, 40.5497727818808, 0, 0, 0, 0, 0.143396262118293, 0.0220516231753475, 1.1739214654137, 0.141996826180542, 0.143396262118293, 0.0220516231753475, 0, 0, 1.1739214654137, 0, 0.143396262118293, 0, 0.118183546507429, 0.0252127156976583, 0.143396262118293, 0, 0, 0, 0, 0, 0.143396262118293, 0, 0, 0, 0, 0, 0, 0.143396262118293, 0, 0, 0, 0, 0, 0, 0, 0, 0, 0, 0, 0, 0, 0, 0, 0, 0, 0, 0, 0, 19.4733309932332, 0, 0, 0, 0, 0, 0
14.6666666666667, 18.4323440186276, 6.02096080122776, 39.0029677943243, 41.0332594366256, 18.0739192124664, 5.94063392931208, 38.5223263681224, 40.5497727818808, 0, 0, 0, 0, 0.193227861296308, 0.0260537885890338, 1.1739214654137, 0.141996826180542, 0.193227861296308, 0.0260537885890338, 0, 0, 1.1739214654137, 0, 0.193227861296308, 0, 0.128316119016375, 0.0649117423852186, 0.193227861296308, 0, 0, 0, 0, 0, 0.193227861296308, 0, 0, 0, 0, 0, 0, 0.193227861296308, 0, 0, 0, 0, 0, 0, 0, 0, 0, 0, 0, 0, 0, 0, 0, 0, 0, 0, 0, 0, 18.0739192124664, 0, 0, 0, 0, 0, 0
14.8333333333333, 18.1222589095808, 5.9316840050097, 39.0029677943243, 41.0332594366256, 17.8215838982201, 5.85764833019472, 38.5223263681224, 40.5497727818808, 0, 0, 0, 0, 0.13587212401211, 0.0198438953609679, 1.1739214654137, 0.141996826180542, 0.13587212401211, 0.0198438953609679, 0, 0, 1.1739214654137, 0, 0.13587212401211, 0, 0.0985828468430976, 0.0372892772162933, 0.13587212401211, 0, 0, 0, 0, 0, 0.13587212401211, 0, 0, 0, 0, 0, 0, 0.13587212401211, 0, 0, 0, 0, 0, 0, 0, 0, 0, 0, 0, 0, 0, 0, 0, 0, 0, 0, 0, 0, 17.8215838982201, 0, 0, 0, 0, 0, 0
15, 21.2453433250014, 6.94390159701826, 39.0029677943243, 41.0332594366256, 20.8352441450526, 6.84820336796436, 38.5223263681224, 40.5497727818808, 0, 0, 0, 0, 0.202473657214692, 0.0274264767938839, 1.1739214654137, 0.141996826180542, 0.202473657214692, 0.0274264767938839, 0, 0, 1.1739214654137, 0, 0.202473657214692, 0, 0.137030464883377, 0.0654431923745214, 0.202473657214692, 0, 0, 0, 0, 0, 0.202473657214692, 0, 0, 0, 0, 0, 0, 0.202473657214692, 0, 0, 0, 0, 0, 0, 0, 0, 0, 0, 0, 0, 0, 0, 0, 0, 0, 0, 0, 0, 20.8352441450526, 0, 0, 0, 0, 0, 0
15.1666666666667, 27.8203465684529, 9.09937964214468, 39.0029677943243, 41.0332594366256, 27.3482144955001, 8.98891699599543, 38.5223263681224, 40.5497727818808, 0, 0, 0, 0, 0.26431502839602, 0.0421643174310267, 1.1739214654137, 0.141996826180542, 0.26431502839602, 0.0421643174310267, 0, 0, 1.1739214654137, 0, 0.26431502839602, 0, 0.223347050597724, 0.0409679779541868, 0.26431502839602, 0, 0, 0, 0, 0, 0.26431502839602, 0, 0, 0, 0, 0, 0, 0.26431502839602, 0, 0, 0, 0, 0, 0, 0, 0, 0, 0, 0, 0, 0, 0, 0, 0, 0, 0, 0, 0, 27.3482144955001, 0, 0, 0, 0, 0, 0
15.3333333333333, 25.7306016269554, 8.4059169787946, 39.0029677943243, 41.0332594366256, 25.4061083194871, 8.35061768430535, 38.5223263681224, 40.5497727818808, 0, 0, 0, 0, 0.285474515972316, 0.0425009785497748, 1.1739214654137, 0.141996826180542, 0.285474515972316, 0.0425009785497748, 0, 0, 1.1739214654137, 0, 0.285474515972316, 0, 0.21079562290178, 0.0746788932093483, 0.285474515972316, 0, 0, 0, 0, 0, 0.285474515972316, 0, 0, 0, 0, 0, 0, 0.285474515972316, 0, 0, 0, 0, 0, 0, 0, 0, 0, 0, 0, 0, 0, 0, 0, 0, 0, 0, 0, 0, 25.4061083194871, 0, 0, 0, 0, 0, 0
15.5, 14.6518118112525, 4.79930695432571, 39.0029677943243, 41.0332594366256, 14.5205625656963, 4.77270691274695, 38.5223263681224, 40.5497727818808, 0, 0, 0, 0, 0.0919359027831105, 0.0136654358741329, 1.1739214654137, 0.141996826180542, 0.0919359027831105, 0.0136654358741329, 0, 0, 1.1739214654137, 0, 0.0919359027831105, 0, 0.0675809233705104, 0.0243549794887826, 0.0919359027831105, 0, 0, 0, 0, 0, 0.0919359027831105, 0, 0, 0, 0, 0, 0, 0.0919359027831105, 0, 0, 0, 0, 0, 0, 0, 0, 0, 0, 0, 0, 0, 0, 0, 0, 0, 0, 0, 0, 14.5205625656963, 0, 0, 0, 0, 0, 0
15.6666666666667, 23.0950955864537, 7.56343490801222, 39.0029677943243, 41.0332594366256, 22.6343286865561, 7.43953641080256, 38.5223263681224, 40.5497727818808, 0, 0, 0, 0, 0.163016736571468, 0.0260171143466232, 1.1739214654137, 0.141996826180542, 0.163016736571468, 0.0260171143466232, 0, 0, 1.1739214654137, 0, 0.163016736571468, 0, 0.13835621599543, 0.0246605207052144, 0.163016736571468, 0, 0, 0, 0, 0, 0.163016736571468, 0, 0, 0, 0, 0, 0, 0.163016736571468, 0, 0, 0, 0, 0, 0, 0, 0, 0, 0, 0, 0, 0, 0, 0, 0, 0, 0, 0, 0, 22.6343286865561, 0, 0, 0, 0, 0, 0
15.8333333333333, 29.5508482769932, 9.66409825374276, 39.0029677943243, 41.0332594366256, 28.8821967266215, 9.49296403847286, 38.5223263681224, 40.5497727818808, 0, 0, 0, 0, 0.28809940540674, 0.0457992358298501, 1.1739214654137, 0.141996826180542, 0.28809940540674, 0.0457992358298501, 0, 0, 1.1739214654137, 0, 0.28809940540674, 0, 0.239037636031124, 0.0490617695826736, 0.28809940540674, 0, 0, 0, 0, 0, 0.28809940540674, 0, 0, 0, 0, 0, 0, 0.28809940540674, 0, 0, 0, 0, 0, 0, 0, 0, 0, 0, 0, 0, 0, 0, 0, 0, 0, 0, 0, 0, 28.8821967266215, 0, 0, 0, 0, 0, 0
16, 26.1390060611591, 8.54196911176804, 39.0029677943243, 41.0332594366256, 25.333001148075, 8.326576841727, 38.5223263681224, 40.5497727818808, 0, 0, 0, 0, 0.271544066387828, 0.0397543994997117, 1.1739214654137, 0.141996826180542, 0.271544066387828, 0.0397543994997117, 0, 0, 1.1739214654137, 0, 0.271544066387828, 0, 0.191178391281414, 0.0803656752995175, 0.271544066387828, 0, 0, 0, 0, 0, 0.271544066387828, 0, 0, 0, 0, 0, 0, 0.271544066387828, 0, 0, 0, 0, 0, 0, 0, 0, 0, 0, 0, 0, 0, 0, 0, 0, 0, 0, 0, 0, 25.333001148075, 0, 0, 0, 0, 0, 0
16.1666666666667, 21.9321813488275, 7.1678787164112, 39.0029677943243, 41.0332594366256, 21.1367768186261, 6.94733671825454, 38.5223263681224, 40.5497727818808, 0, 0, 0, 0, 0.216040060687752, 0.030126542013379, 1.1739214654137, 0.141996826180542, 0.216040060687752, 0.030126542013379, 0, 0, 1.1739214654137, 0, 0.216040060687752, 0, 0.141535147702202, 0.0745049131507708, 0.216040060687752, 0, 0, 0, 0, 0, 0.216040060687752, 0, 0, 0, 0, 0, 0, 0.216040060687752, 0, 0, 0, 0, 0, 0, 0, 0, 0, 0, 0, 0, 0, 0, 0, 0, 0, 0, 0, 0, 21.1367768186261, 0, 0, 0, 0, 0, 0
16.3333333333333, 29.7951604300339, 9.74909106798267, 39.0029677943243, 41.0332594366256, 28.9562592966267, 9.51744888348919, 38.5223263681224, 40.5497727818808, 0, 0, 0, 0, 0.26111420055926, 0.0417248793602881, 1.1739214654137, 0.141996826180542, 0.26111420055926, 0.0417248793602881, 0, 0, 1.1739214654137, 0, 0.26111420055926, 0, 0.22147009818527, 0.0396441025770422, 0.26111420055926, 0, 0, 0, 0, 0, 0.26111420055926, 0, 0, 0, 0, 0, 0, 0.26111420055926, 0, 0, 0, 0, 0, 0, 0, 0, 0, 0, 0, 0, 0, 0, 0, 0, 0, 0, 0, 0, 28.9562592966267, 0, 0, 0, 0, 0, 0
16.5, 30.9749495174576, 10.126373362008, 39.0029677943243, 41.0332594366256, 30.0870833263812, 9.88914495191569, 38.5223263681224, 40.5497727818808, 0, 0, 0, 0, 0.298804125536332, 0.0436243649624153, 1.1739214654137, 0.141996826180542, 0.298804125536332, 0.0436243649624153, 0, 0, 1.1739214654137, 0, 0.298804125536332, 0, 0.230440352950057, 0.0683637727363144, 0.298804125536332, 0, 0, 0, 0, 0, 0.298804125536332, 0, 0, 0, 0, 0, 0, 0.298804125536332, 0, 0, 0, 0, 0, 0, 0, 0, 0, 0, 0, 0, 0, 0, 0, 0, 0, 0, 0, 0, 30.0870833263812, 0, 0, 0, 0, 0, 0
16.6666666666667, 51.4391828502617, 16.7559195058488, 51.4391828502617, 54.0994488954291, 50.1387437556148, 16.4798694497362, 50.1387437556148, 52.7776441542397, 0, 0, 0, 0, 0.88268049978582, 0.138744836094044, 1.1739214654137, 0.141996826180542, 0.88268049978582, 0.138744836094044, 0, 0, 1.1739214654137, 0, 0.88268049978582, 0, 0.774504108935595, 0.108176391513788, 0.88268049978582, 0, 0, 0, 0, 0, 0.88268049978582, 0, 0, 0, 0, 0, 0, 0.88268049978582, 0, 0, 0, 0, 0, 0, 0, 0, 0, 0, 0, 0, 0, 0, 0, 0, 0, 0, 0, 0, 50.1387437556148, 0, 0, 0, 0, 0, 0
16.8333333333333, 29.1184850953356, 9.51819414798203, 51.4391828502617, 54.0994488954291, 28.4953722962306, 9.36599002709458, 50.1387437556148, 52.7776441542397, 0, 0, 0, 0, 0.299554429382447, 0.0458638422819878, 1.1739214654137, 0.141996826180542, 0.299554429382447, 0.0458638422819878, 0, 0, 1.1739214654137, 0, 0.299554429382447, 0, 0.23508635269581, 0.0644680768069365, 0.299554429382447, 0, 0, 0, 0, 0, 0.299554429382447, 0, 0, 0, 0, 0, 0, 0.299554429382447, 0, 0, 0, 0, 0, 0, 0, 0, 0, 0, 0, 0, 0, 0, 0, 0, 0, 0, 0, 0, 28.4953722962306, 0, 0, 0, 0, 0, 0
17, 29.9873202888199, 9.80195927289459, 51.4391828502617, 54.0994488954291, 29.3328090610718, 9.6411924190273, 50.1387437556148, 52.7776441542397, 0, 0, 0, 0, 0.309098590168122, 0.0471934439315968, 1.1739214654137, 0.141996826180542, 0.309098590168122, 0.0471934439315968, 0, 0, 1.1739214654137, 0, 0.309098590168122, 0, 0.242351964707442, 0.0667466255936997, 0.309098590168122, 0, 0, 0, 0, 0, 0.309098590168122, 0, 0, 0, 0, 0, 0, 0.309098590168122, 0, 0, 0, 0, 0, 0, 0, 0, 0, 0, 0, 0, 0, 0, 0, 0, 0, 0, 0, 0, 29.3328090610718, 0, 0, 0, 0, 0, 0
17.1666666666667, 38.1531057847873, 12.4378439714578, 51.4391828502617, 54.0994488954291, 36.9352674465841, 12.140034720968, 50.1387437556148, 52.7776441542397, 0, 0, 0, 0, 0.553528943597287, 0.0794587463297144, 1.1739214654137, 0.141996826180542, 0.553528943597287, 0.0794587463297144, 0, 0, 1.1739214654137, 0, 0.553528943597287, 0, 0.39532799707895, 0.158200946656003, 0.553528943597287, 0, 0, 0, 0, 0, 0.553528943597287, 0, 0, 0, 0, 0, 0, 0.553528943597287, 0, 0, 0, 0, 0, 0, 0, 0, 0, 0, 0, 0, 0, 0, 0, 0, 0, 0, 0, 0, 36.9352674465841, 0, 0, 0, 0, 0, 0
17.3333333333333, 24.4847428628455, 8.01522700907453, 51.4391828502617, 54.0994488954291, 23.403766853358, 7.69244133882426, 50.1387437556148, 52.7776441542397, 0, 0, 0, 0, 0.189713084635962, 0.0298775498570676, 1.1739214654137, 0.141996826180542, 0.189713084635962, 0.0298775498570676, 0, 0, 1.1739214654137, 0, 0.189713084635962, 0, 0.155258201094455, 0.0344548836202752, 0.189713084635962, 0, 0, 0, 0, 0, 0.189713084635962, 0, 0, 0, 0, 0, 0, 0.189713084635962, 0, 0, 0, 0, 0, 0, 0, 0, 0, 0, 0, 0, 0, 0, 0, 0, 0, 0, 0, 0, 23.403766853358, 0, 0, 0, 0, 0, 0
17.5, 34.497872027714, 11.2810226175142, 51.4391828502617, 54.0994488954291, 32.6194201187596, 10.7214960538915, 50.1387437556148, 52.7776441542397, 0, 0, 0, 0, 0.337984153507116, 0.0532502902187897, 1.1739214654137, 0.141996826180542, 0.337984153507116, 0.0532502902187897, 0, 0, 1.1739214654137, 0, 0.337984153507116, 0, 0.28696373934068, 0.0510204143781235, 0.337984153507116, 0, 0, 0, 0, 0, 0.337984153507116, 0, 0, 0, 0, 0, 0, 0.337984153507116, 0, 0, 0, 0, 0, 0, 0, 0, 0, 0, 0, 0, 0, 0, 0, 0, 0, 0, 0, 0, 32.6194201187596, 0, 0, 0, 0, 0, 0
17.6666666666667, 26.9832868433753, 8.84062521691474, 51.4391828502617, 54.0994488954291, 25.5687766110569, 8.40404630538777, 50.1387437556148, 52.7776441542397, 0, 0, 0, 0, 0.172704845109216, 0.0284335118435576, 1.1739214654137, 0.141996826180542, 0.172704845109216, 0.0284335118435576, 0, 0, 1.1739214654137, 0, 0.172704845109216, 0, 0.160502895092286, 0.0122019501491237, 0.172704845109216, 0, 0, 0, 0, 0, 0.172704845109216, 0, 0, 0, 0, 0, 0, 0.172704845109216, 0, 0, 0, 0, 0, 0, 0, 0, 0, 0, 0, 0, 0, 0, 0, 0, 0, 0, 0, 0, 25.5687766110569, 0, 0, 0, 0, 0, 0
17.8333333333333, 30.4388281390488, 9.96954350217091, 51.4391828502617, 54.0994488954291, 29.0108370370797, 9.53527026059386, 50.1387437556148, 52.7776441542397, 0, 0, 0, 0, 0.217297663432656, 0.035886520250534, 1.1739214654137, 0.141996826180542, 0.217297663432656, 0.035886520250534, 0, 0, 1.1739214654137, 0, 0.217297663432656, 0, 0.200553714204548, 0.0167439493947999, 0.217297663432656, 0, 0, 0, 0, 0, 0.217297663432656, 0, 0, 0, 0, 0, 0, 0.217297663432656, 0, 0, 0, 0, 0, 0, 0, 0, 0, 0, 0, 0, 0, 0, 0, 0, 0, 0, 0, 0, 29.0108370370797, 0, 0, 0, 0, 0, 0
18, 33.9281403499187, 11.1033359573736, 51.4391828502617, 54.0994488954291, 32.2252796836083, 10.5919300084112, 50.1387437556148, 52.7776441542397, 0, 0, 0, 0, 0.29206562989238, 0.0473803795275753, 1.1739214654137, 0.141996826180542, 0.29206562989238, 0.0473803795275753, 0, 0, 1.1739214654137, 0, 0.29206562989238, 0, 0.256869738040448, 0.0351958920276455, 0.29206562989238, 0, 0, 0, 0, 0, 0.29206562989238, 0, 0, 0, 0, 0, 0, 0.29206562989238, 0, 0, 0, 0, 0, 0, 0, 0, 0, 0, 0, 0, 0, 0, 0, 0, 0, 0, 0, 0, 32.2252796836083, 0, 0, 0, 0, 0, 0
18.1666666666667, 43.8725176054658, 14.3224360519121, 51.4391828502617, 54.0994488954291, 41.8905158308009, 13.7687544771598, 50.1387437556148, 52.7776441542397, 0, 0, 0, 0, 0.573394224612064, 0.0907321153212284, 1.1739214654137, 0.141996826180542, 0.573394224612064, 0.0907321153212284, 0, 0, 1.1739214654137, 0, 0.573394224612064, 0, 0.475356326490185, 0.0980378984355374, 0.573394224612064, 0, 0, 0, 0, 0, 0.573394224612064, 0, 0, 0, 0, 0, 0, 0.573394224612064, 0, 0, 0, 0, 0, 0, 0, 0, 0, 0, 0, 0, 0, 0, 0, 0, 0, 0, 0, 0, 41.8905158308009, 0, 0, 0, 0, 0, 0
18.3333333333333, 44.3319863204437, 14.4628964262158, 51.4391828502617, 54.0994488954291, 42.6423968878881, 14.0156742551877, 50.1387437556148, 52.7776441542397, 0, 0, 0, 0, 0.623128185529788, 0.0966232648898982, 1.1739214654137, 0.141996826180542, 0.623128185529788, 0.0966232648898982, 0, 0, 1.1739214654137, 0, 0.623128185529788, 0, 0.501102651257601, 0.122025534534784, 0.623128185529788, 0, 0, 0, 0, 0, 0.623128185529788, 0, 0, 0, 0, 0, 0, 0.623128185529788, 0, 0, 0, 0, 0, 0, 0, 0, 0, 0, 0, 0, 0, 0, 0, 0, 0, 0, 0, 0, 42.6423968878881, 0, 0, 0, 0, 0, 0
18.5, 44.1366612071479, 14.394786153564, 51.4391828502617, 54.0994488954291, 42.2848921257912, 13.8983348710236, 50.1387437556148, 52.7776441542397, 0, 0, 0, 0, 0.642614626289387, 0.0989884640277624, 1.1739214654137, 0.141996826180542, 0.642614626289387, 0.0989884640277624, 0, 0, 1.1739214654137, 0, 0.642614626289387, 0, 0.502657779513787, 0.13995684701357, 0.642614626289387, 0, 0, 0, 0, 0, 0.642614626289387, 0, 0, 0, 0, 0, 0, 0.642614626289387, 0, 0, 0, 0, 0, 0, 0, 0, 0, 0, 0, 0, 0, 0, 0, 0, 0, 0, 0, 0, 42.2848921257912, 0, 0, 0, 0, 0, 0
18.6666666666667, 41.6018325849639, 13.6043076900943, 51.4391828502617, 54.0994488954291, 39.8832637086382, 13.1089953206817, 50.1387437556148, 52.7776441542397, 0, 0, 0, 0, 0.439326075062963, 0.0748785352660902, 1.1739214654137, 0.141996826180542, 0.439326075062963, 0.0748785352660902, 0, 0, 1.1739214654137, 0, 0.439326075062963, 0, 0.406702212401262, 0.0326238629742887, 0.439326075062963, 0, 0, 0, 0, 0, 0.439326075062963, 0, 0, 0, 0, 0, 0, 0.439326075062963, 0, 0, 0, 0, 0, 0, 0, 0, 0, 0, 0, 0, 0, 0, 0, 0, 0, 0, 0, 0, 39.8832637086382, 0, 0, 0, 0, 0, 0
18.8333333333333, 38.925888965748, 12.7262033170196, 51.4391828502617, 54.0994488954291, 37.8487855897068, 12.4402881935365, 50.1387437556148, 52.7776441542397, 0, 0, 0, 0, 0.400740590406124, 0.0635979037824107, 1.1739214654137, 0.141996826180542, 0.400740590406124, 0.0635979037824107, 0, 0, 1.1739214654137, 0, 0.400740590406124, 0, 0.357292891184449, 0.0434476994786468, 0.400740590406124, 0, 0, 0, 0, 0, 0.400740590406124, 0, 0, 0, 0, 0, 0, 0.400740590406124, 0, 0, 0, 0, 0, 0, 0, 0, 0, 0, 0, 0, 0, 0, 0, 0, 0, 0, 0, 0, 37.8487855897068, 0, 0, 0, 0, 0, 0
19, 38.1516788381059, 12.468078900039, 51.4391828502617, 54.0994488954291, 36.9655061013793, 12.1501230224786, 50.1387437556148, 52.7776441542397, 0, 0, 0, 0, 0.409692308669445, 0.0625134553361827, 1.1739214654137, 0.141996826180542, 0.409692308669445, 0.0625134553361827, 0, 0, 1.1739214654137, 0, 0.409692308669445, 0, 0.341934586348876, 0.0677577225207472, 0.409692308669445, 0, 0, 0, 0, 0, 0.409692308669445, 0, 0, 0, 0, 0, 0, 0.409692308669445, 0, 0, 0, 0, 0, 0, 0, 0, 0, 0, 0, 0, 0, 0, 0, 0, 0, 0, 0, 0, 36.9655061013793, 0, 0, 0, 0, 0, 0
19.1666666666667, 35.3747844093326, 11.5744781138272, 51.4391828502617, 54.0994488954291, 34.4845699138281, 11.3345267792237, 50.1387437556148, 52.7776441542397, 0, 0, 0, 0, 0.316050889624833, 0.0512524390900991, 1.1739214654137, 0.141996826180542, 0.316050889624833, 0.0512524390900991, 0, 0, 1.1739214654137, 0, 0.316050889624833, 0, 0.286488677823395, 0.0295622120351157, 0.316050889624833, 0, 0, 0, 0, 0, 0.316050889624833, 0, 0, 0, 0, 0, 0, 0.316050889624833, 0, 0, 0, 0, 0, 0, 0, 0, 0, 0, 0, 0, 0, 0, 0, 0, 0, 0, 0, 0, 34.4845699138281, 0, 0, 0, 0, 0, 0
19.3333333333333, 33.2890720154575, 10.8929092173463, 51.4391828502617, 54.0994488954291, 32.4503688307445, 10.6659020648344, 50.1387437556148, 52.7776441542397, 0, 0, 0, 0, 0.301706074987605, 0.0508351604466556, 1.1739214654137, 0.141996826180542, 0.301706074987605, 0.0508351604466556, 0, 0, 1.1739214654137, 0, 0.301706074987605, 0, 0.278434653479273, 0.0232714217717556, 0.301706074987605, 0, 0, 0, 0, 0, 0.301706074987605, 0, 0, 0, 0, 0, 0, 0.301706074987605, 0, 0, 0, 0, 0, 0, 0, 0, 0, 0, 0, 0, 0, 0, 0, 0, 0, 0, 0, 0, 32.4503688307445, 0, 0, 0, 0, 0, 0
19.5, 36.5835600226743, 11.9574255386963, 51.4391828502617, 54.0994488954291, 35.844814189208, 11.781629283796, 50.1387437556148, 52.7776441542397, 0, 0, 0, 0, 0.408525435697241, 0.0672715301860873, 1.1739214654137, 0.141996826180542, 0.408525435697241, 0.0672715301860873, 0, 0, 1.1739214654137, 0, 0.408525435697241, 0, 0.368769758463937, 0.0397556775443661, 0.408525435697241, 0, 0, 0, 0, 0, 0.408525435697241, 0, 0, 0, 0, 0, 0, 0.408525435697241, 0, 0, 0, 0, 0, 0, 0, 0, 0, 0, 0, 0, 0, 0, 0, 0, 0, 0, 0, 0, 35.844814189208, 0, 0, 0, 0, 0, 0
19.6666666666667, 37.4492134470379, 12.2310610516308, 51.4391828502617, 54.0994488954291, 36.6109040454275, 12.0335789458539, 50.1387437556148, 52.7776441542397, 0, 0, 0, 0, 0.464880419733907, 0.0748369175097451, 1.1739214654137, 0.141996826180542, 0.464880419733907, 0.0748369175097451, 0, 0, 1.1739214654137, 0, 0.464880419733907, 0, 0.401686798388405, 0.0631936216837022, 0.464880419733907, 0, 0, 0, 0, 0, 0.464880419733907, 0, 0, 0, 0, 0, 0, 0.464880419733907, 0, 0, 0, 0, 0, 0, 0, 0, 0, 0, 0, 0, 0, 0, 0, 0, 0, 0, 0, 0, 36.6109040454275, 0, 0, 0, 0, 0, 0
19.8333333333333, 29.3512941687199, 9.59460814029753, 51.4391828502617, 54.0994488954291, 28.3121861999816, 9.30579144525496, 50.1387437556148, 52.7776441542397, 0, 0, 0, 0, 0.304789399972402, 0.0477380887747135, 1.1739214654137, 0.141996826180542, 0.304789399972402, 0.0477380887747135, 0, 0, 1.1739214654137, 0, 0.304789399972402, 0, 0.242575491272573, 0.0622139088672316, 0.304789399972402, 0, 0, 0, 0, 0, 0.304789399972402, 0, 0, 0, 0, 0, 0, 0.304789399972402, 0, 0, 0, 0, 0, 0, 0, 0, 0, 0, 0, 0, 0, 0, 0, 0, 0, 0, 0, 0, 28.3121861999816, 0, 0, 0, 0, 0, 0
20, 31.3471295586167, 10.2613194245102, 51.4391828502617, 54.0994488954291, 30.4597647412605, 10.0116293461548, 50.1387437556148, 52.7776441542397, 0, 0, 0, 0, 0.262484546073625, 0.0442864587221718, 1.1739214654137, 0.141996826180542, 0.262484546073625, 0.0442864587221718, 0, 0, 1.1739214654137, 0, 0.262484546073625, 0, 0.244766848788701, 0.0177176974745088, 0.262484546073625, 0, 0, 0, 0, 0, 0.262484546073625, 0, 0, 0, 0, 0, 0, 0.262484546073625, 0, 0, 0, 0, 0, 0, 0, 0, 0, 0, 0, 0, 0, 0, 0, 0, 0, 0, 0, 0, 30.4597647412605, 0, 0, 0, 0, 0, 0
20.1666666666667, 37.9570011733909, 12.4125565453131, 51.4391828502617, 54.0994488954291, 37.1726196524301, 12.2178903239568, 50.1387437556148, 52.7776441542397, 0, 0, 0, 0, 0.390046533182838, 0.0645646136454758, 1.1739214654137, 0.141996826180542, 0.390046533182838, 0.0645646136454758, 0, 0, 1.1739214654137, 0, 0.390046533182838, 0, 0.356351396910341, 0.0336951365559942, 0.390046533182838, 0, 0, 0, 0, 0, 0.390046533182838, 0, 0, 0, 0, 0, 0, 0.390046533182838, 0, 0, 0, 0, 0, 0, 0, 0, 0, 0, 0, 0, 0, 0, 0, 0, 0, 0, 0, 0, 37.1726196524301, 0, 0, 0, 0, 0, 0
20.3333333333333, 33.6395479945439, 10.9903020206769, 51.4391828502617, 54.0994488954291, 32.2790445558582, 10.6096435014478, 50.1387437556148, 52.7776441542397, 0, 0, 0, 0, 0.36660010617583, 0.0540024115719097, 1.1739214654137, 0.141996826180542, 0.36660010617583, 0.0540024115719097, 0, 0, 1.1739214654137, 0, 0.36660010617583, 0, 0.279521261728874, 0.0870788445666339, 0.36660010617583, 0, 0, 0, 0, 0, 0.36660010617583, 0, 0, 0, 0, 0, 0, 0.36660010617583, 0, 0, 0, 0, 0, 0, 0, 0, 0, 0, 0, 0, 0, 0, 0, 0, 0, 0, 0, 0, 32.2790445558582, 0, 0, 0, 0, 0, 0
20.5, 29.8299951332295, 9.75259931818694, 51.4391828502617, 54.0994488954291, 29.002142400024, 9.53256635479334, 50.1387437556148, 52.7776441542397, 0, 0, 0, 0, 0.285064803364507, 0.0417453968749288, 1.1739214654137, 0.141996826180542, 0.285064803364507, 0.0417453968749288, 0, 0, 1.1739214654137, 0, 0.285064803364507, 0, 0.217565348709081, 0.0674994547501634, 0.285064803364507, 0, 0, 0, 0, 0, 0.285064803364507, 0, 0, 0, 0, 0, 0, 0.285064803364507, 0, 0, 0, 0, 0, 0, 0, 0, 0, 0, 0, 0, 0, 0, 0, 0, 0, 0, 0, 0, 29.002142400024, 0, 0, 0, 0, 0, 0
20.6666666666667, 32.1382245470412, 10.497818261236, 51.4391828502617, 54.0994488954291, 31.3059359659591, 10.2897950910033, 50.1387437556148, 52.7776441542397, 0, 0, 0, 0, 0.369895572636035, 0.0560448340956637, 1.1739214654137, 0.141996826180542, 0.369895572636035, 0.0560448340956637, 0, 0, 1.1739214654137, 0, 0.369895572636035, 0, 0.282232603765506, 0.0876629691293287, 0.369895572636035, 0, 0, 0, 0, 0, 0.369895572636035, 0, 0, 0, 0, 0, 0, 0.369895572636035, 0, 0, 0, 0, 0, 0, 0, 0, 0, 0, 0, 0, 0, 0, 0, 0, 0, 0, 0, 0, 31.3059359659591, 0, 0, 0, 0, 0, 0
20.8333333333333, 32.3922417459104, 10.600093031537, 51.4391828502617, 54.0994488954291, 31.5433585843864, 10.3677873903121, 50.1387437556148, 52.7776441542397, 0, 0, 0, 0, 0.279895245597304, 0.0452803440455653, 1.1739214654137, 0.141996826180542, 0.279895245597304, 0.0452803440455653, 0, 0, 1.1739214654137, 0, 0.279895245597304, 0, 0.241507459759401, 0.0383877860353045, 0.279895245597304, 0, 0, 0, 0, 0, 0.279895245597304, 0, 0, 0, 0, 0, 0, 0.279895245597304, 0, 0, 0, 0, 0, 0, 0, 0, 0, 0, 0, 0, 0, 0, 0, 0, 0, 0, 0, 0, 31.5433585843864, 0, 0, 0, 0, 0, 0
21, 28.8682951003779, 9.44962703334554, 51.4391828502617, 54.0994488954291, 27.9818862050299, 9.19727927599634, 50.1387437556148, 52.7776441542397, 0, 0, 0, 0, 0.234787554663447, 0.0382469087896284, 1.1739214654137, 0.141996826180542, 0.234787554663447, 0.0382469087896284, 0, 0, 1.1739214654137, 0, 0.234787554663447, 0, 0.209089969894748, 0.025697584952944, 0.234787554663447, 0, 0, 0, 0, 0, 0.234787554663447, 0, 0, 0, 0, 0, 0, 0.234787554663447, 0, 0, 0, 0, 0, 0, 0, 0, 0, 0, 0, 0, 0, 0, 0, 0, 0, 0, 0, 0, 27.9818862050299, 0, 0, 0, 0, 0, 0
21.1666666666667, 31.8399251043891, 10.4240589854944, 51.4391828502617, 54.0994488954291, 30.6998636448703, 10.0905592023753, 50.1387437556148, 52.7776441542397, 0, 0, 0, 0, 0.254905380215187, 0.0425411287689287, 1.1739214654137, 0.141996826180542, 0.254905380215187, 0.0425411287689287, 0, 0, 1.1739214654137, 0, 0.254905380215187, 0, 0.235583111756323, 0.0193222687013784, 0.254905380215187, 0, 0, 0, 0, 0, 0.254905380215187, 0, 0, 0, 0, 0, 0, 0.254905380215187, 0, 0, 0, 0, 0, 0, 0, 0, 0, 0, 0, 0, 0, 0, 0, 0, 0, 0, 0, 0, 30.6998636448703, 0, 0, 0, 0, 0, 0
21.3333333333333, 39.5071943183351, 12.9223236643601, 51.4391828502617, 54.0994488954291, 38.3038262904332, 12.5897676476623, 50.1387437556148, 52.7776441542397, 0, 0, 0, 0, 0.379889594591153, 0.0619009281939839, 1.1739214654137, 0.141996826180542, 0.379889594591153, 0.0619009281939839, 0, 0, 1.1739214654137, 0, 0.379889594591153, 0, 0.349717513547996, 0.0301720814169389, 0.379889594591153, 0, 0, 0, 0, 0, 0.379889594591153, 0, 0, 0, 0, 0, 0, 0.379889594591153, 0, 0, 0, 0, 0, 0, 0, 0, 0, 0, 0, 0, 0, 0, 0, 0, 0, 0, 0, 0, 38.3038262904332, 0, 0, 0, 0, 0, 0
21.5, 29.5921450771962, 9.69340976145866, 51.4391828502617, 54.0994488954291, 28.8247869994283, 9.47425375069356, 50.1387437556148, 52.7776441542397, 0, 0, 0, 0, 0.200780390187102, 0.0329700363120893, 1.1739214654137, 0.141996826180542, 0.200780390187102, 0.0329700363120893, 0, 0, 1.1739214654137, 0, 0.200780390187102, 0, 0.18624963220161, 0.0145307581673178, 0.200780390187102, 0, 0, 0, 0, 0, 0.200780390187102, 0, 0, 0, 0, 0, 0, 0.200780390187102, 0, 0, 0, 0, 0, 0, 0, 0, 0, 0, 0, 0, 0, 0, 0, 0, 0, 0, 0, 0, 28.8247869994283, 0, 0, 0, 0, 0, 0
21.6666666666667, 28.3793513621122, 9.29811833898375, 51.4391828502617, 54.0994488954291, 27.7395570108436, 9.11751451342907, 50.1387437556148, 52.7776441542397, 0, 0, 0, 0, 0.184284041786812, 0.0308147557051957, 1.1739214654137, 0.141996826180542, 0.184284041786812, 0.0308147557051957, 0, 0, 1.1739214654137, 0, 0.184284041786812, 0, 0.174450504303228, 0.00983353764175979, 0.184284041786812, 0, 0, 0, 0, 0, 0.184284041786812, 0, 0, 0, 0, 0, 0, 0.184284041786812, 0, 0, 0, 0, 0, 0, 0, 0, 0, 0, 0, 0, 0, 0, 0, 0, 0, 0, 0, 0, 27.7395570108436, 0, 0, 0, 0, 0, 0
21.8333333333333, 36.797772492, 12.0278883952579, 51.4391828502617, 54.0994488954291, 36.060254408385, 11.8524404734902, 50.1387437556148, 52.7776441542397, 0, 0, 0, 0, 0.389726015941327, 0.0611403868973702, 1.1739214654137, 0.141996826180542, 0.389726015941327, 0.0611403868973702, 0, 0, 1.1739214654137, 0, 0.389726015941327, 0, 0.335169951613128, 0.0545560647120734, 0.389726015941327, 0, 0, 0, 0, 0, 0.389726015941327, 0, 0, 0, 0, 0, 0, 0.389726015941327, 0, 0, 0, 0, 0, 0, 0, 0, 0, 0, 0, 0, 0, 0, 0, 0, 0, 0, 0, 0, 36.060254408385, 0, 0, 0, 0, 0, 0
22, 45.8774900336271, 14.9812070955576, 51.4391828502617, 54.0994488954291, 44.8677938310749, 14.7473296370488, 50.1387437556148, 52.7776441542397, 0, 0, 0, 0, 0.598192839688551, 0.0986329102103973, 1.1739214654137, 0.141996826180542, 0.598192839688551, 0.0986329102103973, 0, 0, 1.1739214654137, 0, 0.598192839688551, 0, 0.534438488844353, 0.0637543513343981, 0.598192839688551, 0, 0, 0, 0, 0, 0.598192839688551, 0, 0, 0, 0, 0, 0, 0.598192839688551, 0, 0, 0, 0, 0, 0, 0, 0, 0, 0, 0, 0, 0, 0, 0, 0, 0, 0, 0, 0, 44.8677938310749, 0, 0, 0, 0, 0, 0
22.1666666666667, 37.768404893587, 12.3444531533786, 51.4391828502617, 54.0994488954291, 37.0519577357582, 12.1783837001316, 50.1387437556148, 52.7776441542397, 0, 0, 0, 0, 0.417859080070731, 0.0679268775521238, 1.1739214654137, 0.141996826180542, 0.417859080070731, 0.0679268775521238, 0, 0, 1.1739214654137, 0, 0.417859080070731, 0, 0.361802190178651, 0.0560568901554331, 0.417859080070731, 0, 0, 0, 0, 0, 0.417859080070731, 0, 0, 0, 0, 0, 0, 0.417859080070731, 0, 0, 0, 0, 0, 0, 0, 0, 0, 0, 0, 0, 0, 0, 0, 0, 0, 0, 0, 0, 37.0519577357582, 0, 0, 0, 0, 0, 0
22.3333333333333, 26.5475519555873, 8.70214499154637, 51.4391828502617, 54.0994488954291, 25.970227416372, 8.53600128594826, 50.1387437556148, 52.7776441542397, 0, 0, 0, 0, 0.146138218853313, 0.024400333637154, 1.1739214654137, 0.141996826180542, 0.146138218853313, 0.024400333637154, 0, 0, 1.1739214654137, 0, 0.146138218853313, 0, 0.13778546958631, 0.00835274938722576, 0.146138218853313, 0, 0, 0, 0, 0, 0.146138218853313, 0, 0, 0, 0, 0, 0, 0.146138218853313, 0, 0, 0, 0, 0, 0, 0, 0, 0, 0, 0, 0, 0, 0, 0, 0, 0, 0, 0, 0, 25.970227416372, 0, 0, 0, 0, 0, 0
22.5, 28.3204669971663, 9.27504896158937, 51.4391828502617, 54.0994488954291, 27.5276842292296, 9.0479154879805, 50.1387437556148, 52.7776441542397, 0, 0, 0, 0, 0.194136055360603, 0.0303657535397313, 1.1739214654137, 0.141996826180542, 0.194136055360603, 0.0303657535397313, 0, 0, 1.1739214654137, 0, 0.194136055360603, 0, 0.16432950865564, 0.0298065467983996, 0.194136055360603, 0, 0, 0, 0, 0, 0.194136055360603, 0, 0, 0, 0, 0, 0, 0.194136055360603, 0, 0, 0, 0, 0, 0, 0, 0, 0, 0, 0, 0, 0, 0, 0, 0, 0, 0, 0, 0, 27.5276842292296, 0, 0, 0, 0, 0, 0
22.6666666666667, 32.4976855436495, 10.6289005437703, 51.4391828502617, 54.0994488954291, 31.5902492204757, 10.3832350155829, 50.1387437556148, 52.7776441542397, 0, 0, 0, 0, 0.305846003994388, 0.0479551205807163, 1.1739214654137, 0.141996826180542, 0.305846003994388, 0.0479551205807163, 0, 0, 1.1739214654137, 0, 0.305846003994388, 0, 0.259263786813402, 0.046582217435339, 0.305846003994388, 0, 0, 0, 0, 0, 0.305846003994388, 0, 0, 0, 0, 0, 0, 0.305846003994388, 0, 0, 0, 0, 0, 0, 0, 0, 0, 0, 0, 0, 0, 0, 0, 0, 0, 0, 0, 0, 31.5902492204757, 0, 0, 0, 0, 0, 0
22.8333333333333, 33.1787986324383, 10.8500510436064, 51.4391828502617, 54.0994488954291, 32.4109245847522, 10.6529482512927, 50.1387437556148, 52.7776441542397, 0, 0, 0, 0, 0.325808993625888, 0.0518006466341915, 1.1739214654137, 0.141996826180542, 0.325808993625888, 0.0518006466341915, 0, 0, 1.1739214654137, 0, 0.325808993625888, 0, 0.28096541499186, 0.0448435788462048, 0.325808993625888, 0, 0, 0, 0, 0, 0.325808993625888, 0, 0, 0, 0, 0, 0, 0.325808993625888, 0, 0, 0, 0, 0, 0, 0, 0, 0, 0, 0, 0, 0, 0, 0, 0, 0, 0, 0, 0, 32.4109245847522, 0, 0, 0, 0, 0, 0
23, 22.977833307153, 7.53104165473571, 51.4391828502617, 54.0994488954291, 22.4217235101861, 7.36966404043752, 50.1387437556148, 52.7776441542397, 0, 0, 0, 0, 0.130300711623809, 0.0214094608004404, 1.1739214654137, 0.141996826180542, 0.130300711623809, 0.0214094608004404, 0, 0, 1.1739214654137, 0, 0.130300711623809, 0, 0.120453854271801, 0.00984685745693145, 0.130300711623809, 0, 0, 0, 0, 0, 0.130300711623809, 0, 0, 0, 0, 0, 0, 0.130300711623809, 0, 0, 0, 0, 0, 0, 0, 0, 0, 0, 0, 0, 0, 0, 0, 0, 0, 0, 0, 0, 22.4217235101861, 0, 0, 0, 0, 0, 0
23.1666666666667, 27.0765332836987, 8.83653372345042, 51.4391828502617, 54.0994488954291, 26.3281876352968, 8.65369354356991, 50.1387437556148, 52.7776441542397, 0, 0, 0, 0, 0.321776702122996, 0.0426810173698869, 1.1739214654137, 0.141996826180542, 0.321776702122996, 0.0426810173698869, 0, 0, 1.1739214654137, 0, 0.321776702122996, 0, 0.215176229600637, 0.106600472752715, 0.321776702122996, 0, 0, 0, 0, 0, 0.321776702122996, 0, 0, 0, 0, 0, 0, 0.321776702122996, 0, 0, 0, 0, 0, 0, 0, 0, 0, 0, 0, 0, 0, 0, 0, 0, 0, 0, 0, 0, 26.3281876352968, 0, 0, 0, 0, 0, 0
23.3333333333333, 19.6491468488611, 6.44448682300496, 51.4391828502617, 54.0994488954291, 16.9315845785398, 5.56512503407108, 50.1387437556148, 52.7776441542397, 0, 0, 0, 0, 0.0832067491789974, 0.0135602425784939, 1.1739214654137, 0.141996826180542, 0.0832067491789974, 0.0135602425784939, 0, 0, 1.1739214654137, 0, 0.0832067491789974, 0, 0.0753245492780814, 0.00788219995688711, 0.0832067491789974, 0, 0, 0, 0, 0, 0.0832067491789974, 0, 0, 0, 0, 0, 0, 0.0832067491789974, 0, 0, 0, 0, 0, 0, 0, 0, 0, 0, 0, 0, 0, 0, 0, 0, 0, 0, 0, 0, 16.9315845785398, 0, 0, 0, 0, 0, 0
23.5, 17.4296849878819, 5.71584044930729, 51.4391828502617, 54.0994488954291, 17.149201985647, 5.63670462090812, 50.1387437556148, 52.7776441542397, 0, 0, 0, 0, 0.0720516977836881, 0.0106213974635395, 1.1739214654137, 0.141996826180542, 0.0720516977836881, 0.0106213974635395, 0, 0, 1.1739214654137, 0, 0.0720516977836881, 0, 0.0574139613367981, 0.01463773647721, 0.0720516977836881, 0, 0, 0, 0, 0, 0.0720516977836881, 0, 0, 0, 0, 0, 0, 0.0720516977836881, 0, 0, 0, 0, 0, 0, 0, 0, 0, 0, 0, 0, 0, 0, 0, 0, 0, 0, 0, 0, 17.149201985647, 0, 0, 0, 0, 0, 0
23.6666666666667, 16.8000123820866, 5.50971509857131, 51.4391828502617, 54.0994488954291, 16.5215412226554, 5.43036318456916, 50.1387437556148, 52.7776441542397, 0, 0, 0, 0, 0.0697973710275904, 0.010751237795435, 1.1739214654137, 0.141996826180542, 0.0697973710275904, 0.010751237795435, 0, 0, 1.1739214654137, 0, 0.0697973710275904, 0, 0.0598619614844268, 0.00993540959274152, 0.0697973710275904, 0, 0, 0, 0, 0, 0.0697973710275904, 0, 0, 0, 0, 0, 0, 0.0697973710275904, 0, 0, 0, 0, 0, 0, 0, 0, 0, 0, 0, 0, 0, 0, 0, 0, 0, 0, 0, 0, 16.5215412226554, 0, 0, 0, 0, 0, 0
23.8333333333333, 17.1604995019499, 5.62805535531224, 51.4391828502617, 54.0994488954291, 16.8840704642429, 5.549525686195, 50.1387437556148, 52.7776441542397, 0, 0, 0, 0, 0.0674588384027033, 0.0098575159150943, 1.1739214654137, 0.141996826180542, 0.0674588384027033, 0.0098575159150943, 0, 0, 1.1739214654137, 0, 0.0674588384027033, 0, 0.0555115320691763, 0.0119473063934307, 0.0674588384027033, 0, 0, 0, 0, 0, 0.0674588384027033, 0, 0, 0, 0, 0, 0, 0.0674588384027033, 0, 0, 0, 0, 0, 0, 0, 0, 0, 0, 0, 0, 0, 0, 0, 0, 0, 0, 0, 0, 16.8840704642429, 0, 0, 0, 0, 0, 0
24, 10.5435484779408, 3.46076509577179, 51.4391828502617, 54.0994488954291, 10.4764610923547, 3.44344939479753, 50.1387437556148, 52.7776441542397, 0, 0, 0, 0, 0.0279152501204652, 0.00446101476920482, 1.1739214654137, 0.141996826180542, 0.0279152501204652, 0.00446101476920482, 0, 0, 1.1739214654137, 0, 0.0279152501204652, 0, 0.0245690742887626, 0.00334617585083384, 0.0279152501204652, 0, 0, 0, 0, 0, 0.0279152501204652, 0, 0, 0, 0, 0, 0, 0.0279152501204652, 0, 0, 0, 0, 0, 0, 0, 0, 0, 0, 0, 0, 0, 0, 0, 0, 0, 0, 0, 0, 10.4764610923547, 0, 0, 0, 0, 0, 0
